,sequence_names,true_vals,pred_vals,Fold
0,>R:FOXA1-CHMOD_CHR6:64141169-64141312_[CHR6:64141155-64141326]_0.700236,0.0,2.9802322e-06,0
1,>C:SLEA_HG18:CHR2:210861483-210861650|6:V_HNF3ALPHA_Q6:TGTTTGCTTTG;20:V_HNF6_Q6:CAAAATCAATAA;35:V_HNF1_C:AGTTAATGATTAACCAA;55:V_RXRA_UP:GGCCGTGACCCCGTGAT;75:V_XBP1_01:GTGATGACGTGTCCCAT;95:V_AHRARNT_02:GGGGATCGCGTGCCAGCCC;117:V_COUPTF_Q6:CCCCCTGACCTTTGCCCCCTGCC;143:V_PPARA_02:CCGGGTCATTGGGGTCAGG_3.030209,1.0,1.0,0
2,>R:FOXA1_FOXA2-NOMOD_CHR2:173913683-173913826_[CHR2:173913669-173913840]_2.950271,1.0,0.008276433,0
3,>A:HNF4A-NOMOD_CHR16:46898335-46898444_[CHR16:46898304-46898475]_2.377060,1.0,0.0003450513,0
4,>R:FOXA2-NOMOD_CHR5:95429757-95429894_[CHR5:95429740-95429911]_0.753471,0.0,6.1690807e-06,0
5,>R:FOXA1-NOMOD_CHR2:112745084-112745237_[CHR2:112745075-112745246]_0.725824,0.0,1.2218952e-05,0
6,>C:SLEA_HG18:CHR9:82902419-82902586|6:V_AHRARNT_02:GGGGATCGCGTGCCAGCCC;28:V_COUPTF_Q6:CCCCCTGACCTTTGCCCCCTGCC;54:V_HNF6_Q6:CAAAATCAATAA;69:V_XBP1_01:GTGATGACGTGTCCCAT;89:V_RXRA_UP:GGCCGTGACCCCGTGAT;109:V_HNF3ALPHA_Q6:TGTTTGCTTTG;123:V_PPARA_02:CCGGGTCATTGGGGTCAGG;145:V_HNF1_C:AGTTAATGATTAACCAA_3.231616,1.0,1.0,0
7,>R:EP300-CHMOD_CHR4:6784271-6784442_[CHR4:6784271-6784442]_1.670164,1.0,1.0,0
8,>C:SLEA_HG18:CHR2:210861483-210861650|20:V_AHRARNT_02:GGGGATCGCGTGCCAGCCC;42:V_PPARA_02:CCGGGTCATTGGGGTCAGG;64:V_HNF4_Q6:AAGGTCCAG;76:V_HNF6_Q6:CAAAATCAATAA;91:V_COUPTF_Q6:CCCCCTGACCTTTGCCCCCTGCC;117:V_HNF3ALPHA_Q6:TGTTTGCTTTG;131:V_HNF1_C:AGTTAATGATTAACCAA_2.372647,1.0,1.0,0
9,>R:FOXA1-CHMOD_CHR21:43127000-43127108_[CHR21:43126968-43127139]_0.738118,0.0,2.95043e-06,0
10,>C:SLEA_HG18:CHR2:210861483-210861650|67:V_PPARA_02:CCGGGTCATTGGGGTCAGG;88:V_HNF6_Q6:CAAAATCAATAA_0.697989,0.0,1.7881393e-07,0
11,>R:HNF4A-CHMOD_CHR7:64910130-64910282_[CHR7:64910120-64910291]_2.012405,1.0,0.0012983382,0
12,>C:SLEA_HG18:CHR9:82902419-82902586|29:V_COUPTF_Q6:CCCCCTGACCTTTGCCCCCTGCC;55:V_HNF4_Q6:AAGGTCCAG;67:V_XBP1_01:GTGATGACGTGTCCCAT;87:V_RXRA_UP:GGCCGTGACCCCGTGAT;107:V_HNF3ALPHA_Q6:TGTTTGCTTTG;121:V_HNF1_C:AGTTAATGATTAACCAA_1.867910,1.0,1.0,0
13,>R:FOXA1-NOMOD_CHR6:3798166-3798337_[CHR6:3798166-3798337]_0.684971,0.0,1.013279e-06,0
14,>C:SLEA_HG18:CHR2:210861483-210861650|6:V_COUPTF_Q6:CCCCCTGACCTTTGCCCCCTGCC;32:V_HNF6_Q6:CAAAATCAATAA;47:V_HNF1_C:AGTTAATGATTAACCAA;67:V_RXRA_UP:GGCCGTGACCCCGTGAT;87:V_AHRARNT_02:GGGGATCGCGTGCCAGCCC;109:V_XBP1_01:GTGATGACGTGTCCCAT;129:V_PPARA_02:CCGGGTCATTGGGGTCAGG;151:V_HNF3ALPHA_Q6:TGTTTGCTTTG_3.695087,1.0,1.0,0
15,>C:SLEA_HG18:CHR9:82902419-82902586|44:V_HNF1_C:AGTTAATGATTAACCAA;65:V_RXRA_UP:GGCCGTGACCCCGTGAT;86:V_RXRA_UP:GGCCGTGACCCCGTGAT;107:V_HNF1_C:AGTTAATGATTAACCAA_1.896531,1.0,1.0,0
16,>R:FOXA1-NOMOD_CHR1:65939874-65940009_[CHR1:65939856-65940027]_0.749455,0.0,2.2023916e-05,0
17,>A:HNF4A-CHMOD_CHR2:228681597-228681712_[CHR2:228681569-228681740]_0.692439,0.0,2.5331974e-06,0
18,>C:SLEA_HG18:CHR2:210861483-210861650|24:V_HNF4_Q6:AAGGTCCAG;36:V_HNF1_C:AGTTAATGATTAACCAA;56:V_HNF3ALPHA_Q6:TGTTTGCTTTG;70:V_RXRA_UP:GGCCGTGACCCCGTGAT;90:V_HNF6_Q6:CAAAATCAATAA;105:V_XBP1_01:GTGATGACGTGTCCCAT;125:V_PPARA_02:CCGGGTCATTGGGGTCAGG_1.725789,1.0,1.0,0
19,>R:HNF4A-CHMOD_CHR5:60597647-60597816_[CHR5:60597646-60597817]_1.736043,1.0,0.7011619,0
20,>C:SLEA_HG18:CHR2:210861483-210861650|21:V_HNF3ALPHA_Q6:TGTTTGCTTTG;35:V_AHRARNT_02:GGGGATCGCGTGCCAGCCC;57:V_COUPTF_Q6:CCCCCTGACCTTTGCCCCCTGCC;83:V_HNF1_C:AGTTAATGATTAACCAA;103:V_HNF6_Q6:CAAAATCAATAA;118:V_HNF4_Q6:AAGGTCCAG;130:V_XBP1_01:GTGATGACGTGTCCCAT_1.766754,1.0,1.0,0
21,>C:SLEA_HG18:CHR2:210861483-210861650|8:V_PPARA_02:CCGGGTCATTGGGGTCAGG;30:V_RXRA_UP:GGCCGTGACCCCGTGAT;50:V_AHRARNT_02:GGGGATCGCGTGCCAGCCC;72:V_XBP1_01:GTGATGACGTGTCCCAT;92:V_COUPTF_Q6:CCCCCTGACCTTTGCCCCCTGCC;118:V_HNF1_C:AGTTAATGATTAACCAA;138:V_HNF4_Q6:AAGGTCCAG;150:V_HNF3ALPHA_Q6:TGTTTGCTTTG_2.582778,1.0,1.0,0
22,>R:FOXA1_HNF4A-CHMOD_CHR10:60725749-60725886_[CHR10:60725732-60725903]_0.755297,0.0,1.013279e-06,0
23,>A:HNF4A-CHMOD_CHR6:11431922-11432068_[CHR6:11431909-11432080]_0.713811,0.0,3.2484531e-06,0
24,>R:FOXA2-NOMOD_CHR3:5230716-5230868_[CHR3:5230706-5230877]_0.743662,0.0,4.4703484e-06,0
25,>R:FOXA1_FOXA2-NOMOD_CHR16:73034041-73034134_[CHR16:73034002-73034173]_0.655534,0.0,0.9997631,0
26,>R:FOXA1-NOMOD_CHR10:97395102-97395257_[CHR10:97395094-97395265]_0.699486,0.0,1.5199184e-06,0
27,>A:HNF4A-NOMOD_CHR14:65709580-65709667_[CHR14:65709538-65709709]_2.078229,1.0,1.513958e-05,0
28,>C:SLEA_HG18:CHR9:82902419-82902586|38:V_HNF6_Q6:CAAAATCAATAA;53:V_HNF1_C:AGTTAATGATTAACCAA;73:V_HNF3ALPHA_Q6:TGTTTGCTTTG;87:V_XBP1_01:GTGATGACGTGTCCCAT;107:V_COUPTF_Q6:CCCCCTGACCTTTGCCCCCTGCC_2.347229,1.0,1.0,0
29,>R:FOXA1-CHMOD_CHR5:142980420-142980516_[CHR5:142980382-142980553]_0.715259,0.0,1.4603138e-06,0
30,>R:FOXA1-NOMOD_CHR2:63419670-63419813_[CHR2:63419656-63419827]_0.711285,0.0,3.0100346e-06,0
31,>A:HNF4A-NOMOD_CHR5:142861680-142861848_[CHR5:142861678-142861849]_0.750912,0.0,8.34465e-07,0
32,>R:HNF4A-NOMOD_CHR13:62239629-62239720_[CHR13:62239589-62239760]_2.465576,1.0,4.827976e-06,0
33,>R:FOXA2-NOMOD_CHR10:45998052-45998129_[CHR10:45998005-45998176]_2.225340,1.0,1.3709068e-06,0
34,>R:FOXA2-CHMOD_CHR14:59782096-59782174_[CHR14:59782049-59782220]_0.777296,0.0,0.0007778704,0
35,>R:EP300-NOMOD_CHR17:73781125-73781296_[CHR17:73781125-73781296]_1.829390,1.0,0.99999994,0
36,>C:SLEA_HG18:CHR2:210861483-210861650|11:V_HNF4_Q6:AAGGTCCAG;23:V_COUPTF_Q6:CCCCCTGACCTTTGCCCCCTGCC;49:V_HNF1_C:AGTTAATGATTAACCAA;69:V_HNF3ALPHA_Q6:TGTTTGCTTTG;83:V_RXRA_UP:GGCCGTGACCCCGTGAT;103:V_HNF6_Q6:CAAAATCAATAA;118:V_XBP1_01:GTGATGACGTGTCCCAT;138:V_PPARA_02:CCGGGTCATTGGGGTCAGG_2.223497,1.0,1.0,0
37,>R:HNF4A-NOMOD_CHR3:69228638-69228723_[CHR3:69228595-69228766]_0.755988,0.0,1.9967556e-06,0
38,>R:EP300-NOMOD_CHR8:145641957-145642128_[CHR8:145641957-145642128]_1.748002,1.0,0.99999,0
39,>A:HNF4A-CHMOD_CHR22:51138900-51139071_[CHR22:51138900-51139071]_1.590683,1.0,0.33441,0
40,>R:FOXA2-CHMOD_CHR6:53480537-53480650_[CHR6:53480508-53480679]_5.428916,1.0,1.9669533e-06,0
41,>R:FOXA2-NOMOD_CHR1:24444936-24445074_[CHR1:24444919-24445090]_1.978566,1.0,0.9999998,0
42,>R:HNF4A-NOMOD_CHR4:6936376-6936528_[CHR4:6936366-6936537]_0.714094,0.0,3.5375357e-05,0
43,>R:FOXA2-NOMOD_CHR17:37029108-37029279_[CHR17:37029108-37029279]_1.794205,1.0,0.0009717047,0
44,>R:FOXA2-NOMOD_CHR1:90300104-90300176_[CHR1:90300054-90300225]_0.759328,0.0,1.3709068e-06,0
45,>C:SLEA_HG18:CHR2:210861483-210861650|11:V_HNF4_Q6:AAGGTCCAG;23:V_COUPTF_Q6:CCCCCTGACCTTTGCCCCCTGCC;49:V_AHRARNT_02:GGGGATCGCGTGCCAGCCC;71:V_HNF3ALPHA_Q6:TGTTTGCTTTG;85:V_RXRA_UP:GGCCGTGACCCCGTGAT;105:V_XBP1_01:GTGATGACGTGTCCCAT;125:V_HNF6_Q6:CAAAATCAATAA;140:V_HNF1_C:AGTTAATGATTAACCAA_4.556907,1.0,1.0,0
46,>R:FOXA2-NOMOD_CHR5:159743039-159743183_[CHR5:159743025-159743196]_1.676122,1.0,5.093217e-05,0
47,>C:SLEA_HG18:CHR2:210861483-210861650|28:V_RXRA_UP:GGCCGTGACCCCGTGAT;65:V_AP2GAMMA_01:GCCCGGGGG;94:V_AP2GAMMA_01:GCCCGGGGG;123:V_RXRA_UP:GGCCGTGACCCCGTGAT_0.732546,0.0,0.0002284944,0
48,>R:FOXA1-NOMOD_CHR11:119247127-119247269_[CHR11:119247112-119247283]_1.651135,1.0,0.9914984,0
49,>R:FOXA1-CHMOD_CHR1:180086196-180086358_[CHR1:180086191-180086362]_0.733238,0.0,0.008032918,1
50,>A:HNF4A-CHMOD_CHRX:37818745-37818857_[CHRX:37818715-37818886]_1.861659,1.0,0.36010218,1
51,>R:FOXA1-CHMOD_CHR3:57436628-57436699_[CHR3:57436578-57436749]_1.887352,1.0,1.9311905e-05,1
52,>C:SLEA_HG18:CHR2:210861483-210861650|27:V_HNF4_Q6:AAGGTCCAG;144:V_HNF4_Q6:AAGGTCCAG_0.776449,0.0,3.874302e-07,1
53,>R:FOXA2-NOMOD_CHR3:149388829-149388937_[CHR3:149388797-149388968]_0.752001,0.0,2.115965e-06,1
54,>C:SLEA_HG18:CHR9:82902419-82902586|6:V_RXRA_UP:GGCCGTGACCCCGTGAT;26:V_PPARA_02:CCGGGTCATTGGGGTCAGG;48:V_AHRARNT_02:GGGGATCGCGTGCCAGCCC;70:V_COUPTF_Q6:CCCCCTGACCTTTGCCCCCTGCC;96:V_HNF3ALPHA_Q6:TGTTTGCTTTG;110:V_HNF6_Q6:CAAAATCAATAA;125:V_HNF1_C:AGTTAATGATTAACCAA;145:V_XBP1_01:GTGATGACGTGTCCCAT_2.175770,1.0,1.0,1
55,>C:SLEA_HG18:CHR9:82902419-82902586|44:V_XBP1_01:GTGATGACGTGTCCCAT;65:V_HNF1_C:AGTTAATGATTAACCAA;86:V_HNF1_C:AGTTAATGATTAACCAA;107:V_XBP1_01:GTGATGACGTGTCCCAT_2.697618,1.0,1.0,1
56,>C:SLEA_HG18:CHR9:82902419-82902586|21:V_AHRARNT_02:GGGGATCGCGTGCCAGCCC;43:V_HNF6_Q6:CAAAATCAATAA;58:V_HNF1_C:AGTTAATGATTAACCAA;78:V_HNF3ALPHA_Q6:TGTTTGCTTTG;92:V_XBP1_01:GTGATGACGTGTCCCAT;112:V_COUPTF_Q6:CCCCCTGACCTTTGCCCCCTGCC;138:V_HNF4_Q6:AAGGTCCAG_2.387420,1.0,1.0,1
57,>R:FOXA2-NOMOD_CHR2:226979907-226980004_[CHR2:226979870-226980041]_4.101787,1.0,0.99930704,1
58,>R:HNF4A-NOMOD_CHR12:71557112-71557241_[CHR12:71557091-71557262]_1.596532,1.0,1.4573336e-05,1
59,>R:FOXA1_FOXA2-NOMOD_CHR3:58158885-58159013_[CHR3:58158863-58159034]_0.716013,0.0,5.2183867e-05,1
60,>R:FOXA2-NOMOD_CHR14:44918299-44918433_[CHR14:44918280-44918451]_0.761354,0.0,1.874566e-05,1
61,>C:SLEA_HG18:CHR2:210861483-210861650|2:V_HNF1_C:AGTTAATGATTAACCAA;23:V_RXRA_UP:GGCCGTGACCCCGTGAT;44:V_RXRA_UP:GGCCGTGACCCCGTGAT;65:V_HNF1_C:AGTTAATGATTAACCAA;86:V_RXRA_UP:GGCCGTGACCCCGTGAT;107:V_RXRA_UP:GGCCGTGACCCCGTGAT;128:V_HNF1_C:AGTTAATGATTAACCAA;149:V_HNF1_C:AGTTAATGATTAACCAA_2.947223,1.0,1.0,1
62,>R:FOXA2-NOMOD_CHR1:43501797-43501920_[CHR1:43501773-43501944]_0.709232,0.0,0.9999989,1
63,>R:FOXA1-CHMOD_CHR12:76029540-76029685_[CHR12:76029527-76029698]_1.740515,1.0,2.0861626e-06,1
64,>C:SLEA_HG18:CHR9:82902419-82902586|17:V_HNF3ALPHA_Q6:TGTTTGCTTTG;31:V_RXRA_UP:GGCCGTGACCCCGTGAT;51:V_PPARA_02:CCGGGTCATTGGGGTCAGG;73:V_AHRARNT_02:GGGGATCGCGTGCCAGCCC;95:V_HNF1_C:AGTTAATGATTAACCAA;115:V_HNF4_Q6:AAGGTCCAG;127:V_COUPTF_Q6:CCCCCTGACCTTTGCCCCCTGCC_3.487455,1.0,1.0,1
65,>R:FOXA1_FOXA2-CHMOD_CHR19:46377177-46377301_[CHR19:46377153-46377324]_2.160098,1.0,0.9999965,1
66,>A:HNF4A-CHMOD_CHR8:9638883-9639006_[CHR8:9638859-9639030]_0.698572,0.0,0.00095432997,1
67,>A:HNF4A-NOMOD_CHR9:132790940-132791064_[CHR9:132790916-132791087]_0.772870,0.0,1.3411045e-06,1
68,>R:FOXA1-CHMOD_CHR8:126231582-126231722_[CHR8:126231566-126231737]_1.958583,1.0,6.556511e-07,1
69,>C:SLEA_HG18:CHR2:210861483-210861650|64:V_COUPTF_Q6:CCCCCTGACCTTTGCCCCCTGCC;92:V_HNF6_Q6:CAAAATCAATAA_0.725114,0.0,5.811453e-06,1
70,>R:FOXA1_FOXA2-CHMOD_CHR19:42772467-42772625_[CHR19:42772460-42772631]_3.437167,1.0,0.9996184,1
71,>R:FOXA2-NOMOD_CHR1:214242490-214242606_[CHR1:214242462-214242633]_0.701372,0.0,3.0457973e-05,1
72,>R:FOXA2-CHMOD_CHR19:57392345-57392512_[CHR19:57392343-57392514]_2.059650,1.0,0.24890506,1
73,>R:FOXA1_FOXA2-NOMOD_CHR9:123946076-123946247_[CHR9:123946076-123946247]_0.713038,0.0,1.758337e-06,1
74,>R:FOXA2-NOMOD_CHR6:49477224-49477389_[CHR6:49477221-49477392]_0.657580,0.0,2.1755695e-06,1
75,>R:FOXA1-NOMOD_CHR2:11640836-11640990_[CHR2:11640827-11640998]_0.716795,0.0,2.861023e-06,1
76,>A:HNF4A-CHMOD_CHR20:30191959-30192103_[CHR20:30191945-30192116]_0.744407,0.0,0.99999976,1
77,>A:HNF4A-CHMOD_CHR15:93347339-93347420_[CHR15:93347294-93347465]_1.771097,1.0,0.022557437,1
78,>R:FOXA1_FOXA2-CHMOD_CHR11:20000406-20000566_[CHR11:20000400-20000571]_2.400510,1.0,7.9602e-05,1
79,>A:HNF4A-NOMOD_CHR9:130860525-130860691_[CHR9:130860522-130860693]_2.018913,1.0,0.99977195,1
80,>C:SLEA_HG18:CHR2:210861483-210861650|17:V_PPARA_02:CCGGGTCATTGGGGTCAGG;39:V_HNF4_Q6:AAGGTCCAG;51:V_HNF3ALPHA_Q6:TGTTTGCTTTG;65:V_HNF1_C:AGTTAATGATTAACCAA;85:V_COUPTF_Q6:CCCCCTGACCTTTGCCCCCTGCC;111:V_XBP1_01:GTGATGACGTGTCCCAT;131:V_AHRARNT_02:GGGGATCGCGTGCCAGCCC_2.603741,1.0,1.0,1
81,>R:HNF4A-NOMOD_CHR1:120500946-120501075_[CHR1:120500925-120501096]_0.741964,0.0,1.937151e-06,1
82,>R:FOXA2-NOMOD_CHR8:58499840-58500003_[CHR8:58499836-58500007]_0.730397,0.0,0.0001193583,1
83,>R:FOXA1_FOXA2-NOMOD_CHR5:109682709-109682824_[CHR5:109682681-109682852]_1.827980,1.0,1.707673e-05,1
84,>C:SLEA_HG18:CHR9:82902419-82902586|22:V_RXRA_UP:GGCCGTGACCCCGTGAT;42:V_HNF4_Q6:AAGGTCCAG;54:V_HNF1_C:AGTTAATGATTAACCAA;74:V_HNF6_Q6:CAAAATCAATAA;89:V_XBP1_01:GTGATGACGTGTCCCAT;109:V_COUPTF_Q6:CCCCCTGACCTTTGCCCCCTGCC;135:V_HNF3ALPHA_Q6:TGTTTGCTTTG_2.176233,1.0,1.0,1
85,>A:HNF4A-CHMOD_CHR13:20171196-20171317_[CHR13:20171171-20171342]_2.321916,1.0,0.28775746,1
86,>C:SLEA_HG18:CHR9:82902419-82902586|6:V_COUPTF_Q6:CCCCCTGACCTTTGCCCCCTGCC;32:V_XBP1_01:GTGATGACGTGTCCCAT;52:V_HNF6_Q6:CAAAATCAATAA;67:V_AHRARNT_02:GGGGATCGCGTGCCAGCCC;89:V_HNF3ALPHA_Q6:TGTTTGCTTTG;103:V_PPARA_02:CCGGGTCATTGGGGTCAGG;125:V_HNF1_C:AGTTAATGATTAACCAA;145:V_RXRA_UP:GGCCGTGACCCCGTGAT_3.360433,1.0,1.0,1
87,>C:SLEA_HG18:CHR2:210861483-210861650|6:V_XBP1_01:GTGATGACGTGTCCCAT;26:V_XBP1_01:GTGATGACGTGTCCCAT;46:V_XBP1_01:GTGATGACGTGTCCCAT;66:V_XBP1_01:GTGATGACGTGTCCCAT;86:V_XBP1_01:GTGATGACGTGTCCCAT;106:V_XBP1_01:GTGATGACGTGTCCCAT;126:V_XBP1_01:GTGATGACGTGTCCCAT;146:V_XBP1_01:GTGATGACGTGTCCCAT_1.679822,1.0,1.0,1
88,>C:SLEA_HG18:CHR2:210861483-210861650|17:V_RXRA_UP:GGCCGTGACCCCGTGAT;37:V_HNF6_Q6:CAAAATCAATAA;52:V_PPARA_02:CCGGGTCATTGGGGTCAGG;74:V_HNF3ALPHA_Q6:TGTTTGCTTTG;88:V_XBP1_01:GTGATGACGTGTCCCAT;108:V_COUPTF_Q6:CCCCCTGACCTTTGCCCCCTGCC;134:V_HNF1_C:AGTTAATGATTAACCAA_2.800165,1.0,1.0,1
89,>R:HNF4A-CHMOD_CHR12:100831288-100831452_[CHR12:100831284-100831455]_0.756161,0.0,0.81713504,1
90,>A:HNF4A-CHMOD_CHR3:24492207-24492347_[CHR3:24492191-24492362]_0.699724,0.0,3.606081e-06,1
91,>R:HNF4A-NOMOD_CHR2:127748327-127748406_[CHR2:127748281-127748452]_0.677881,0.0,1.3113022e-06,1
92,>R:EP300-CHMOD_CHR11:120206786-120206957_[CHR11:120206786-120206957]_1.815200,1.0,1.0,1
93,>A:HNF4A-NOMOD_CHR11:47215497-47215626_[CHR11:47215476-47215647]_0.762129,0.0,1.013279e-06,1
94,>A:HNF4A-NOMOD_CHR11:118544588-118544714_[CHR11:118544565-118544736]_0.717852,0.0,6.2584877e-07,1
95,>R:HNF4A-CHMOD_CHR15:57789409-57789527_[CHR15:57789382-57789553]_1.755324,1.0,2.3245811e-06,1
96,>C:SLEA_HG18:CHR2:210861483-210861650|35:V_AHRARNT_02:GGGGATCGCGTGCCAGCCC;57:V_HNF1_C:AGTTAATGATTAACCAA;77:V_COUPTF_Q6:CCCCCTGACCTTTGCCCCCTGCC;103:V_HNF3ALPHA_Q6:TGTTTGCTTTG;117:V_XBP1_01:GTGATGACGTGTCCCAT_2.398078,1.0,1.0,1
97,>A:HNF4A-CHMOD_CHR10:60797400-60797480_[CHR10:60797354-60797525]_0.726139,0.0,6.66323e-06,1
98,>C:SLEA_HG18:CHR2:210861483-210861650|22:V_RXRA_UP:GGCCGTGACCCCGTGAT;43:V_RXRA_UP:GGCCGTGACCCCGTGAT;64:V_RXRA_UP:GGCCGTGACCCCGTGAT;85:V_AP2GAMMA_01:GCCCGGGGG;98:V_AP2GAMMA_01:GCCCGGGGG;111:V_AP2GAMMA_01:GCCCGGGGG;124:V_AP2GAMMA_01:GCCCGGGGG;137:V_AP2GAMMA_01:GCCCGGGGG_0.768347,0.0,7.337332e-05,2
99,>C:SLEA_HG18:CHR2:210861483-210861650|17:V_AHRARNT_02:GGGGATCGCGTGCCAGCCC;39:V_COUPTF_Q6:CCCCCTGACCTTTGCCCCCTGCC;65:V_HNF6_Q6:CAAAATCAATAA;80:V_XBP1_01:GTGATGACGTGTCCCAT;100:V_RXRA_UP:GGCCGTGACCCCGTGAT;120:V_HNF3ALPHA_Q6:TGTTTGCTTTG;134:V_HNF1_C:AGTTAATGATTAACCAA_2.699753,1.0,1.0,2
100,>R:FOXA2-NOMOD_CHR14:54819748-54819863_[CHR14:54819720-54819891]_0.744418,0.0,0.00050491095,2
101,>C:SLEA_HG18:CHR2:210861483-210861650|7:V_COUPTF_Q6:CCCCCTGACCTTTGCCCCCTGCC;33:V_HNF4_Q6:AAGGTCCAG;45:V_HNF1_C:AGTTAATGATTAACCAA;65:V_HNF3ALPHA_Q6:TGTTTGCTTTG;79:V_AHRARNT_02:GGGGATCGCGTGCCAGCCC;101:V_PPARA_02:CCGGGTCATTGGGGTCAGG;123:V_RXRA_UP:GGCCGTGACCCCGTGAT;143:V_XBP1_01:GTGATGACGTGTCCCAT_3.090497,1.0,1.0,2
102,>A:HNF4A-NOMOD_CHR17:27505275-27505406_[CHR17:27505255-27505426]_1.763023,1.0,0.12901741,2
103,>R:FOXA1_HNF4A-NOMOD_CHR11:67122105-67122232_[CHR11:67122083-67122254]_2.187575,1.0,0.99999744,2
104,>R:FOXA1_FOXA2-CHMOD_CHR11:19998075-19998198_[CHR11:19998051-19998222]_0.749923,0.0,0.059439063,2
105,>C:SLEA_HG18:CHR9:82902419-82902586|11:V_HNF4_Q6:AAGGTCCAG;23:V_COUPTF_Q6:CCCCCTGACCTTTGCCCCCTGCC;49:V_AHRARNT_02:GGGGATCGCGTGCCAGCCC;71:V_HNF3ALPHA_Q6:TGTTTGCTTTG;85:V_RXRA_UP:GGCCGTGACCCCGTGAT;105:V_XBP1_01:GTGATGACGTGTCCCAT;125:V_HNF6_Q6:CAAAATCAATAA;140:V_HNF1_C:AGTTAATGATTAACCAA_4.059409,1.0,1.0,2
106,>R:FOXA2-NOMOD_CHR16:57844274-57844423_[CHR16:57844263-57844434]_1.642696,1.0,0.99999666,2
107,>R:EP300-CHMOD_CHR3:129277787-129277958_[CHR3:129277787-129277958]_1.788080,1.0,0.99999976,2
108,>R:FOXA1_FOXA2-CHMOD_CHR12:46824301-46824454_[CHR12:46824292-46824463]_4.396393,1.0,0.0038357973,2
109,>R:HNF4A-CHMOD_CHR16:57038589-57038678_[CHR16:57038548-57038719]_0.764399,0.0,0.020458043,2
110,>R:HNF4A-CHMOD_CHR6:167682303-167682450_[CHR6:167682291-167682462]_2.017307,1.0,0.52745926,2
111,>R:FOXA1-CHMOD_CHR2:158697550-158697652_[CHR2:158697515-158697686]_0.706711,0.0,0.00032013655,2
112,>C:SLEA_HG18:CHR2:210861483-210861650|10:V_HNF3ALPHA_Q6:TGTTTGCTTTG;24:V_HNF6_Q6:CAAAATCAATAA;39:V_RXRA_UP:GGCCGTGACCCCGTGAT;59:V_PPARA_02:CCGGGTCATTGGGGTCAGG;81:V_AHRARNT_02:GGGGATCGCGTGCCAGCCC;103:V_HNF1_C:AGTTAATGATTAACCAA;123:V_COUPTF_Q6:CCCCCTGACCTTTGCCCCCTGCC;149:V_HNF4_Q6:AAGGTCCAG_2.638827,1.0,1.0,2
113,>A:HNF4A-NOMOD_CHR16:27590606-27590723_[CHR16:27590579-27590750]_0.770803,0.0,0.07658365,2
114,>R:FOXA1-NOMOD_CHR17:76554331-76554406_[CHR17:76554283-76554454]_0.727909,0.0,8.1151724e-05,2
115,>C:SLEA_HG18:CHR2:210861483-210861650|25:V_PPARA_02:CCGGGTCATTGGGGTCAGG;46:V_HNF3ALPHA_Q6:TGTTTGCTTTG;59:V_HNF3ALPHA_Q6:TGTTTGCTTTG;72:V_PPARA_02:CCGGGTCATTGGGGTCAGG;93:V_HNF3ALPHA_Q6:TGTTTGCTTTG;106:V_HNF3ALPHA_Q6:TGTTTGCTTTG;119:V_HNF3ALPHA_Q6:TGTTTGCTTTG;132:V_HNF3ALPHA_Q6:TGTTTGCTTTG_0.736100,0.0,0.99992096,2
116,>R:FOXA1_HNF4A-CHMOD_CHR6:107860791-107860890_[CHR6:107860755-107860926]_2.203679,1.0,7.364154e-05,2
117,>A:HNF4A-CHMOD_CHR1:144921670-144921812_[CHR1:144921655-144921826]_0.744938,0.0,3.20673e-05,2
118,>R:HNF4A-NOMOD_CHR18:13175932-13176101_[CHR18:13175931-13176102]_1.934951,1.0,0.1677885,2
119,>R:FOXA1-CHMOD_CHR18:21136134-21136227_[CHR18:21136095-21136266]_0.709597,0.0,0.09658638,2
120,>R:FOXA2-CHMOD_CHR2:26074830-26074976_[CHR2:26074817-26074988]_1.798690,1.0,0.00021860003,2
121,>C:SLEA_HG18:CHR2:210861483-210861650|66:V_AHRARNT_02:GGGGATCGCGTGCCAGCCC;90:V_HNF3ALPHA_Q6:TGTTTGCTTTG_0.775846,0.0,0.99999833,2
122,>C:SLEA_HG18:CHR9:82902419-82902586|2:V_RXRA_UP:GGCCGTGACCCCGTGAT;23:V_XBP1_01:GTGATGACGTGTCCCAT;44:V_RXRA_UP:GGCCGTGACCCCGTGAT;65:V_RXRA_UP:GGCCGTGACCCCGTGAT;86:V_XBP1_01:GTGATGACGTGTCCCAT;107:V_RXRA_UP:GGCCGTGACCCCGTGAT;128:V_XBP1_01:GTGATGACGTGTCCCAT;149:V_XBP1_01:GTGATGACGTGTCCCAT_2.390031,1.0,1.0,2
123,>R:FOXA2-NOMOD_CHR3:67343424-67343525_[CHR3:67343389-67343560]_0.680278,0.0,0.00023427606,2
124,>R:FOXA2-CHMOD_CHR9:6846041-6846208_[CHR9:6846039-6846210]_0.743575,0.0,1.2725592e-05,2
125,>R:FOXA1_FOXA2-NOMOD_CHR18:6405890-6406044_[CHR18:6405881-6406052]_0.761391,0.0,4.503131e-05,2
126,>R:FOXA2-CHMOD_CHR19:2168928-2169056_[CHR19:2168906-2169077]_1.672716,1.0,0.99999976,2
127,>C:SLEA_HG18:CHR2:210861483-210861650|18:V_AHRARNT_02:GGGGATCGCGTGCCAGCCC;83:V_AHRARNT_02:GGGGATCGCGTGCCAGCCC_0.707394,0.0,0.9999894,2
128,>C:SLEA_HG18:CHR9:82902419-82902586|10:V_HNF6_Q6:CAAAATCAATAA;25:V_HNF4_Q6:AAGGTCCAG;37:V_HNF3ALPHA_Q6:TGTTTGCTTTG;51:V_RXRA_UP:GGCCGTGACCCCGTGAT;71:V_PPARA_02:CCGGGTCATTGGGGTCAGG;93:V_AHRARNT_02:GGGGATCGCGTGCCAGCCC;115:V_HNF1_C:AGTTAATGATTAACCAA;135:V_COUPTF_Q6:CCCCCTGACCTTTGCCCCCTGCC_2.437121,1.0,1.0,2
129,>A:HNF4A-CHMOD_CHR15:59568999-59569107_[CHR15:59568967-59569138]_1.742980,1.0,0.00048527122,2
130,>C:SLEA_HG18:CHR9:82902419-82902586|11:V_RXRA_UP:GGCCGTGACCCCGTGAT;31:V_HNF3ALPHA_Q6:TGTTTGCTTTG;45:V_XBP1_01:GTGATGACGTGTCCCAT;65:V_PPARA_02:CCGGGTCATTGGGGTCAGG;87:V_HNF4_Q6:AAGGTCCAG;99:V_COUPTF_Q6:CCCCCTGACCTTTGCCCCCTGCC;125:V_HNF6_Q6:CAAAATCAATAA;140:V_HNF1_C:AGTTAATGATTAACCAA_2.271880,1.0,1.0,2
131,>C:SLEA_HG18:CHR9:82902419-82902586|21:V_PPARA_02:CCGGGTCATTGGGGTCAGG;43:V_HNF3ALPHA_Q6:TGTTTGCTTTG;57:V_HNF6_Q6:CAAAATCAATAA;72:V_COUPTF_Q6:CCCCCTGACCTTTGCCCCCTGCC;98:V_HNF4_Q6:AAGGTCCAG;110:V_HNF1_C:AGTTAATGATTAACCAA;130:V_XBP1_01:GTGATGACGTGTCCCAT_2.421018,1.0,1.0,2
132,>C:SLEA_HG18:CHR2:210861483-210861650|8:V_PPARA_02:CCGGGTCATTGGGGTCAGG;30:V_HNF3ALPHA_Q6:TGTTTGCTTTG;44:V_AHRARNT_02:GGGGATCGCGTGCCAGCCC;66:V_RXRA_UP:GGCCGTGACCCCGTGAT;86:V_HNF4_Q6:AAGGTCCAG;98:V_XBP1_01:GTGATGACGTGTCCCAT;118:V_COUPTF_Q6:CCCCCTGACCTTTGCCCCCTGCC;144:V_HNF1_C:AGTTAATGATTAACCAA_2.421465,1.0,1.0,2
133,>R:HNF4A-NOMOD_CHR1:93694337-93694448_[CHR1:93694307-93694478]_0.714749,0.0,1.4215708e-05,2
134,>R:FOXA2-NOMOD_CHR11:14709972-14710063_[CHR11:14709932-14710103]_0.702898,0.0,2.1636486e-05,2
135,>C:SLEA_HG18:CHR2:210861483-210861650|62:V_HNF3ALPHA_Q6:TGTTTGCTTTG;73:V_HNF3ALPHA_Q6:TGTTTGCTTTG;84:V_HNF3ALPHA_Q6:TGTTTGCTTTG;95:V_HNF3ALPHA_Q6:TGTTTGCTTTG_0.763303,0.0,0.947623,2
136,>R:HNF4A-NOMOD_CHR10:114139836-114139968_[CHR10:114139816-114139987]_1.760140,1.0,0.9980367,2
137,>R:FOXA2-NOMOD_CHR1:229434285-229434357_[CHR1:229434235-229434406]_0.700880,0.0,8.85129e-06,2
138,>R:FOXA1_HNF4A-NOMOD_CHR9:75473301-75473470_[CHR9:75473300-75473471]_2.724461,1.0,0.0020235777,2
139,>C:SLEA_HG18:CHR2:210861483-210861650|41:V_HNF3ALPHA_Q6:TGTTTGCTTTG;135:V_HNF3ALPHA_Q6:TGTTTGCTTTG_0.696823,0.0,3.20971e-05,2
140,>R:FOXA2-NOMOD_CHR6:138891152-138891308_[CHR6:138891144-138891315]_0.694115,0.0,0.00013643503,2
141,>R:EP300-CHMOD_CHR6:35436015-35436186_[CHR6:35436015-35436186]_1.953744,1.0,0.92203707,2
142,>R:HNF4A-CHMOD_CHR8:32962629-32962738_[CHR8:32962598-32962769]_3.060465,1.0,0.93444103,2
143,>R:FOXA1_HNF4A-CHMOD_CHR4:185806137-185806281_[CHR4:185806123-185806294]_0.724557,0.0,0.10434303,2
144,>C:SLEA_HG18:CHR9:82902419-82902586|7:V_AHRARNT_02:GGGGATCGCGTGCCAGCCC;29:V_XBP1_01:GTGATGACGTGTCCCAT;49:V_COUPTF_Q6:CCCCCTGACCTTTGCCCCCTGCC;75:V_HNF4_Q6:AAGGTCCAG;87:V_HNF1_C:AGTTAATGATTAACCAA;107:V_RXRA_UP:GGCCGTGACCCCGTGAT;127:V_PPARA_02:CCGGGTCATTGGGGTCAGG;149:V_HNF6_Q6:CAAAATCAATAA_2.365636,1.0,1.0,2
145,>R:FOXA1_FOXA2-NOMOD_CHR2:219176956-219177117_[CHR2:219176951-219177122]_0.720015,0.0,1.847744e-05,2
146,>A:HNF4A-CHMOD_CHR3:123502324-123502423_[CHR3:123502288-123502459]_0.710151,0.0,9.001871e-05,2
147,>A:HNF4A-NOMOD_CHR14:53904691-53904819_[CHR14:53904669-53904840]_0.752874,0.0,4.172325e-06,3
148,>R:FOXA1_FOXA2-NOMOD_CHR9:115251512-115251675_[CHR9:115251508-115251679]_0.759818,0.0,3.257394e-05,3
149,>A:HNF4A-NOMOD_CHR19:2061537-2061614_[CHR19:2061490-2061661]_1.765523,1.0,0.37951985,3
150,>C:SLEA_HG18:CHR9:82902419-82902586|13:V_HNF6_Q6:CAAAATCAATAA;28:V_PPARA_02:CCGGGTCATTGGGGTCAGG;50:V_XBP1_01:GTGATGACGTGTCCCAT;70:V_RXRA_UP:GGCCGTGACCCCGTGAT;90:V_HNF3ALPHA_Q6:TGTTTGCTTTG;104:V_HNF4_Q6:AAGGTCCAG;116:V_HNF1_C:AGTTAATGATTAACCAA;136:V_AHRARNT_02:GGGGATCGCGTGCCAGCCC_4.594069,1.0,1.0,3
151,>R:HNF4A-NOMOD_CHR7:134682290-134682388_[CHR7:134682253-134682424]_0.692427,0.0,5.6684017e-05,3
152,>C:SLEA_HG18:CHR2:210861483-210861650|5:V_AHRARNT_02:GGGGATCGCGTGCCAGCCC;26:V_HNF1_C:AGTTAATGATTAACCAA;45:V_HNF1_C:AGTTAATGATTAACCAA;64:V_AHRARNT_02:GGGGATCGCGTGCCAGCCC;85:V_HNF1_C:AGTTAATGATTAACCAA;104:V_AHRARNT_02:GGGGATCGCGTGCCAGCCC;125:V_HNF1_C:AGTTAATGATTAACCAA;144:V_AHRARNT_02:GGGGATCGCGTGCCAGCCC_4.387182,1.0,1.0,3
153,>R:FOXA1_FOXA2-NOMOD_CHR20:56134077-56134226_[CHR20:56134066-56134237]_0.753150,0.0,2.1159649e-05,3
154,>R:EP300-CHMOD_CHR2:85555120-85555291_[CHR2:85555120-85555291]_1.595030,1.0,0.71685964,3
155,>R:FOXA2-CHMOD_CHR16:50564612-50564779_[CHR16:50564610-50564781]_0.743375,0.0,1.66893e-06,3
156,>R:HNF4A-NOMOD_CHR1:19536763-19536931_[CHR1:19536761-19536932]_1.846984,1.0,0.9999894,3
157,>R:FOXA1-CHMOD_CHR4:90033489-90033552_[CHR4:90033435-90033606]_0.775165,0.0,3.0219555e-05,3
158,>R:FOXA2-CHMOD_CHR3:150916325-150916420_[CHR3:150916287-150916458]_0.764097,0.0,1.3440847e-05,3
159,>C:SLEA_HG18:CHR2:210861483-210861650|8:V_PPARA_02:CCGGGTCATTGGGGTCAGG;30:V_HNF1_C:AGTTAATGATTAACCAA;50:V_HNF3ALPHA_Q6:TGTTTGCTTTG;64:V_AHRARNT_02:GGGGATCGCGTGCCAGCCC;86:V_RXRA_UP:GGCCGTGACCCCGTGAT;106:V_XBP1_01:GTGATGACGTGTCCCAT;126:V_COUPTF_Q6:CCCCCTGACCTTTGCCCCCTGCC;152:V_HNF4_Q6:AAGGTCCAG_2.196961,1.0,1.0,3
160,>A:HNF4A-NOMOD_CHR7:66000648-66000802_[CHR7:66000639-66000810]_0.761863,0.0,0.95585096,3
161,>A:HNF4A-CHMOD_CHR6:157934499-157934564_[CHR6:157934446-157934617]_0.776571,0.0,5.9574842e-05,3
162,>R:HNF4A-CHMOD_CHR2:48478289-48478405_[CHR2:48478261-48478432]_0.704279,0.0,6.753206e-05,3
163,>R:EP300-CHMOD_CHR11:65244933-65245104_[CHR11:65244933-65245104]_2.593464,1.0,1.0,3
164,>C:SLEA_HG18:CHR2:210861483-210861650|6:V_AHRARNT_02:GGGGATCGCGTGCCAGCCC;28:V_COUPTF_Q6:CCCCCTGACCTTTGCCCCCTGCC;54:V_HNF6_Q6:CAAAATCAATAA;69:V_XBP1_01:GTGATGACGTGTCCCAT;89:V_HNF3ALPHA_Q6:TGTTTGCTTTG;103:V_PPARA_02:CCGGGTCATTGGGGTCAGG;125:V_HNF1_C:AGTTAATGATTAACCAA;145:V_RXRA_UP:GGCCGTGACCCCGTGAT_2.713611,1.0,1.0,3
165,>A:HNF4A-CHMOD_CHR6:149354328-149354393_[CHR6:149354275-149354446]_0.724151,0.0,6.124377e-05,3
166,>A:HNF4A-NOMOD_CHR6:30757474-30757645_[CHR6:30757474-30757645]_0.764018,0.0,2.8908253e-06,3
167,>C:SLEA_HG18:CHR9:82902419-82902586|30:V_XBP1_01:GTGATGACGTGTCCCAT;50:V_AHRARNT_02:GGGGATCGCGTGCCAGCCC;72:V_HNF4_Q6:AAGGTCCAG;84:V_PPARA_02:CCGGGTCATTGGGGTCAGG;106:V_HNF6_Q6:CAAAATCAATAA;121:V_HNF1_C:AGTTAATGATTAACCAA_2.279208,1.0,1.0,3
168,>C:SLEA_HG18:CHR2:210861483-210861650|22:V_HNF4_Q6:AAGGTCCAG;34:V_HNF6_Q6:CAAAATCAATAA;49:V_HNF3ALPHA_Q6:TGTTTGCTTTG;63:V_COUPTF_Q6:CCCCCTGACCTTTGCCCCCTGCC;89:V_RXRA_UP:GGCCGTGACCCCGTGAT;109:V_XBP1_01:GTGATGACGTGTCCCAT;129:V_HNF1_C:AGTTAATGATTAACCAA_2.222720,1.0,1.0,3
169,>R:EP300-CHMOD_CHR3:185216730-185216901_[CHR3:185216730-185216901]_1.695778,1.0,0.9999999,3
170,>R:FOXA1-CHMOD_CHR2:113976032-113976200_[CHR2:113976030-113976201]_0.777090,0.0,0.00017181039,3
171,>A:HNF4A-CHMOD_CHR14:31735179-31735339_[CHR14:31735173-31735344]_0.730417,0.0,6.9737434e-06,3
172,>A:HNF4A-CHMOD_CHR15:90003150-90003215_[CHR15:90003097-90003268]_0.765222,0.0,0.0006201267,3
173,>R:FOXA1-NOMOD_CHR6:52234041-52234210_[CHR6:52234040-52234211]_0.775447,0.0,3.3974648e-06,3
174,>R:FOXA1_FOXA2-NOMOD_CHR6:138028666-138028830_[CHR6:138028662-138028833]_0.697628,0.0,2.2053719e-06,3
175,>C:SLEA_HG18:CHR2:210861483-210861650|16:V_AHRARNT_02:GGGGATCGCGTGCCAGCCC;38:V_COUPTF_Q6:CCCCCTGACCTTTGCCCCCTGCC;64:V_HNF6_Q6:CAAAATCAATAA;79:V_XBP1_01:GTGATGACGTGTCCCAT;99:V_HNF3ALPHA_Q6:TGTTTGCTTTG;113:V_PPARA_02:CCGGGTCATTGGGGTCAGG;135:V_HNF1_C:AGTTAATGATTAACCAA_2.625133,1.0,1.0,3
176,>R:FOXA2-CHMOD_CHR2:235776644-235776752_[CHR2:235776612-235776783]_0.743108,0.0,2.115965e-06,3
177,>R:EP300-NOMOD_CHR7:92439119-92439290_[CHR7:92439119-92439290]_1.817400,1.0,8.422136e-05,3
178,>R:FOXA1_HNF4A-CHMOD_CHR13:95776196-95776344_[CHR13:95776184-95776355]_1.932533,1.0,1.8447638e-05,3
179,>C:SLEA_HG18:CHR2:210861483-210861650|8:V_HNF3ALPHA_Q6:TGTTTGCTTTG;23:V_HNF1_C:AGTTAATGATTAACCAA;44:V_HNF1_C:AGTTAATGATTAACCAA;65:V_HNF1_C:AGTTAATGATTAACCAA;86:V_HNF1_C:AGTTAATGATTAACCAA;107:V_HNF1_C:AGTTAATGATTAACCAA;128:V_HNF3ALPHA_Q6:TGTTTGCTTTG;143:V_HNF1_C:AGTTAATGATTAACCAA_2.257897,1.0,1.0,3
180,>C:SLEA_HG18:CHR2:210861483-210861650|2:V_HNF1_C:AGTTAATGATTAACCAA;23:V_HNF1_C:AGTTAATGATTAACCAA;44:V_HNF1_C:AGTTAATGATTAACCAA;65:V_HNF1_C:AGTTAATGATTAACCAA;86:V_RXRA_UP:GGCCGTGACCCCGTGAT;107:V_HNF1_C:AGTTAATGATTAACCAA;128:V_RXRA_UP:GGCCGTGACCCCGTGAT;149:V_HNF1_C:AGTTAATGATTAACCAA_2.499740,1.0,1.0,3
181,>R:FOXA2-NOMOD_CHR4:652900-653014_[CHR4:652871-653042]_0.735358,0.0,2.95043e-06,3
182,>C:SLEA_HG18:CHR9:82902419-82902586|35:V_AHRARNT_02:GGGGATCGCGTGCCAGCCC;57:V_HNF1_C:AGTTAATGATTAACCAA;77:V_COUPTF_Q6:CCCCCTGACCTTTGCCCCCTGCC;103:V_HNF3ALPHA_Q6:TGTTTGCTTTG;117:V_XBP1_01:GTGATGACGTGTCCCAT_3.246210,1.0,1.0,3
183,>R:EP300-CHMOD_CHR21:36207977-36208148_[CHR21:36207977-36208148]_0.722588,0.0,0.00035336614,3
184,>C:SLEA_HG18:CHR2:210861483-210861650|7:V_HNF3ALPHA_Q6:TGTTTGCTTTG;23:V_HNF1_C:AGTTAATGATTAACCAA;45:V_HNF1_C:AGTTAATGATTAACCAA;67:V_HNF1_C:AGTTAATGATTAACCAA;89:V_HNF3ALPHA_Q6:TGTTTGCTTTG;105:V_HNF3ALPHA_Q6:TGTTTGCTTTG;121:V_HNF1_C:AGTTAATGATTAACCAA;143:V_HNF1_C:AGTTAATGATTAACCAA_2.207585,1.0,1.0,3
185,>R:FOXA2_HNF4A-NOMOD_CHRX:119889037-119889198_[CHRX:119889032-119889203]_1.764407,1.0,0.00064474344,3
186,>R:HNF4A-CHMOD_CHR11:62319286-62319456_[CHR11:62319285-62319456]_0.762432,0.0,8.136034e-06,3
187,>C:SLEA_HG18:CHR9:82902419-82902586|8:V_HNF4_Q6:AAGGTCCAG;20:V_RXRA_UP:GGCCGTGACCCCGTGAT;40:V_HNF3ALPHA_Q6:TGTTTGCTTTG;54:V_AHRARNT_02:GGGGATCGCGTGCCAGCCC;76:V_PPARA_02:CCGGGTCATTGGGGTCAGG;98:V_HNF1_C:AGTTAATGATTAACCAA;118:V_XBP1_01:GTGATGACGTGTCCCAT;138:V_COUPTF_Q6:CCCCCTGACCTTTGCCCCCTGCC_2.662486,1.0,1.0,3
188,>C:SLEA_HG18:CHR2:210861483-210861650|103:V_HNF4_Q6:AAGGTCCAG;155:V_HNF4_Q6:AAGGTCCAG_0.679071,0.0,1.4901161e-06,3
189,>R:FOXA1-NOMOD_CHR5:95325141-95325294_[CHR5:95325132-95325303]_0.706855,0.0,2.2053719e-06,3
190,>A:HNF4A-NOMOD_CHR16:68147116-68147186_[CHR16:68147065-68147236]_0.760797,0.0,2.0563602e-06,3
191,>R:HNF4A-CHMOD_CHR8:123769470-123769582_[CHR8:123769440-123769611]_2.161663,1.0,0.999924,3
192,>R:EP300-NOMOD_CHR2:54857242-54857413_[CHR2:54857242-54857413]_1.790419,1.0,0.99996424,3
193,>A:HNF4A-NOMOD_CHR17:16150642-16150764_[CHR17:16150617-16150788]_0.762907,0.0,3.993511e-06,3
194,>R:FOXA2-CHMOD_CHR5:142871326-142871483_[CHR5:142871319-142871490]_0.777271,0.0,2.3543835e-06,3
195,>R:FOXA1-CHMOD_CHR7:32709843-32710013_[CHR7:32709842-32710013]_1.632951,1.0,0.99196273,3
196,>R:FOXA1-CHMOD_CHR8:8283193-8283340_[CHR8:8283181-8283352]_0.729623,0.0,0.994779,4
197,>R:FOXA2-NOMOD_CHR2:46547349-46547494_[CHR2:46547336-46547507]_0.757827,0.0,1.5616417e-05,4
198,>R:HNF4A-NOMOD_CHR4:113129653-113129797_[CHR4:113129639-113129810]_0.750637,0.0,0.7576785,4
199,>C:SLEA_HG18:CHR9:82902419-82902586|22:V_HNF4_Q6:AAGGTCCAG;34:V_COUPTF_Q6:CCCCCTGACCTTTGCCCCCTGCC;60:V_HNF3ALPHA_Q6:TGTTTGCTTTG;74:V_RXRA_UP:GGCCGTGACCCCGTGAT;94:V_XBP1_01:GTGATGACGTGTCCCAT;114:V_HNF6_Q6:CAAAATCAATAA;129:V_HNF1_C:AGTTAATGATTAACCAA_2.143153,1.0,1.0,4
200,>R:FOXA1-NOMOD_CHR7:75747768-75747871_[CHR7:75747734-75747905]_0.741534,0.0,0.0052378178,4
201,>C:SLEA_HG18:CHR9:82902419-82902586|44:V_RXRA_UP:GGCCGTGACCCCGTGAT;64:V_COUPTF_Q6:CCCCCTGACCTTTGCCCCCTGCC;90:V_PPARA_02:CCGGGTCATTGGGGTCAGG;112:V_HNF6_Q6:CAAAATCAATAA_0.777506,0.0,0.9999557,4
202,>R:HNF4A-NOMOD_CHR3:149371549-149371638_[CHR3:149371508-149371679]_0.696942,0.0,3.3676624e-06,4
203,>A:HNF4A-NOMOD_CHR1:213001259-213001357_[CHR1:213001222-213001393]_0.748771,0.0,2.527237e-05,4
204,>A:HNF4A-NOMOD_CHR1:100032273-100032367_[CHR1:100032234-100032405]_0.748025,0.0,3.5762787e-06,4
205,>R:FOXA2-NOMOD_CHR12:33046554-33046672_[CHR12:33046527-33046698]_0.673949,0.0,4.23193e-06,4
206,>R:EP300-NOMOD_CHR1:65448921-65449092_[CHR1:65448921-65449092]_0.773064,0.0,0.0009895563,4
207,>R:FOXA2-NOMOD_CHR3:196997489-196997596_[CHR3:196997457-196997628]_0.736323,0.0,0.00429067,4
208,>R:FOXA2-NOMOD_CHR2:128742926-128743079_[CHR2:128742917-128743088]_0.766295,0.0,7.122755e-06,4
209,>R:FOXA1-CHMOD_CHR2:168673480-168673649_[CHR2:168673479-168673650]_0.646560,0.0,4.827976e-06,4
210,>C:SLEA_HG18:CHR2:210861483-210861650|6:V_COUPTF_Q6:CCCCCTGACCTTTGCCCCCTGCC;32:V_PPARA_02:CCGGGTCATTGGGGTCAGG;54:V_HNF6_Q6:CAAAATCAATAA;69:V_HNF1_C:AGTTAATGATTAACCAA;89:V_HNF3ALPHA_Q6:TGTTTGCTTTG;103:V_RXRA_UP:GGCCGTGACCCCGTGAT;123:V_AHRARNT_02:GGGGATCGCGTGCCAGCCC;145:V_XBP1_01:GTGATGACGTGTCCCAT_4.008687,1.0,1.0,4
211,>C:SLEA_HG18:CHR9:82902419-82902586|18:V_AHRARNT_02:GGGGATCGCGTGCCAGCCC;40:V_COUPTF_Q6:CCCCCTGACCTTTGCCCCCTGCC;66:V_HNF3ALPHA_Q6:TGTTTGCTTTG;80:V_HNF1_C:AGTTAATGATTAACCAA;100:V_PPARA_02:CCGGGTCATTGGGGTCAGG;122:V_XBP1_01:GTGATGACGTGTCCCAT;142:V_HNF4_Q6:AAGGTCCAG_2.739728,1.0,1.0,4
212,>R:FOXA1-CHMOD_CHR16:21244870-21244965_[CHR16:21244832-21245003]_1.984427,1.0,0.0018315315,4
213,>R:EP300-CHMOD_CHR16:48644112-48644283_[CHR16:48644112-48644283]_2.053060,1.0,0.9997518,4
214,>R:FOXA1-NOMOD_CHRX:153769313-153769446_[CHRX:153769294-153769465]_1.711052,1.0,0.9998861,4
215,>R:EP300-CHMOD_CHR6:27860844-27861015_[CHR6:27860844-27861015]_0.720200,0.0,0.00072437525,4
216,>R:FOXA2-NOMOD_CHR5:125701928-125702072_[CHR5:125701914-125702085]_0.761902,0.0,1.0460615e-05,4
217,>R:FOXA1_FOXA2-NOMOD_CHR10:91235459-91235605_[CHR10:91235446-91235617]_0.745096,0.0,2.95043e-06,4
218,>R:FOXA1-NOMOD_CHR9:36401973-36402126_[CHR9:36401964-36402135]_0.772163,0.0,3.0696392e-06,4
219,>C:SLEA_HG18:CHR2:210861483-210861650|6:V_XBP1_01:GTGATGACGTGTCCCAT;26:V_PPARA_02:CCGGGTCATTGGGGTCAGG;48:V_HNF3ALPHA_Q6:TGTTTGCTTTG;62:V_COUPTF_Q6:CCCCCTGACCTTTGCCCCCTGCC;88:V_RXRA_UP:GGCCGTGACCCCGTGAT;108:V_HNF6_Q6:CAAAATCAATAA;123:V_AHRARNT_02:GGGGATCGCGTGCCAGCCC;145:V_HNF1_C:AGTTAATGATTAACCAA_3.525882,1.0,1.0,4
220,>R:FOXA1-NOMOD_CHR1:29512866-29513008_[CHR1:29512851-29513022]_0.708141,0.0,0.0019771755,4
221,>R:FOXA1_FOXA2-NOMOD_CHR3:56833354-56833486_[CHR3:56833334-56833505]_0.660326,0.0,3.33786e-06,4
222,>C:SLEA_HG18:CHR9:82902419-82902586|13:V_HNF3ALPHA_Q6:TGTTTGCTTTG;27:V_XBP1_01:GTGATGACGTGTCCCAT;47:V_RXRA_UP:GGCCGTGACCCCGTGAT;67:V_PPARA_02:CCGGGTCATTGGGGTCAGG;89:V_HNF1_C:AGTTAATGATTAACCAA;109:V_HNF6_Q6:CAAAATCAATAA;124:V_AHRARNT_02:GGGGATCGCGTGCCAGCCC;146:V_HNF4_Q6:AAGGTCCAG_2.104614,1.0,1.0,4
223,>R:EP300-NOMOD_CHR2:232478988-232479159_[CHR2:232478988-232479159]_1.707373,1.0,1.0,4
224,>R:HNF4A-CHMOD_CHR8:129179842-129179960_[CHR8:129179815-129179986]_0.737561,0.0,0.015248358,4
225,>R:EP300-NOMOD_CHR10:80231953-80232124_[CHR10:80231953-80232124]_0.768364,0.0,0.999033,4
226,>C:SLEA_HG18:CHR2:210861483-210861650|8:V_PPARA_02:CCGGGTCATTGGGGTCAGG;30:V_AHRARNT_02:GGGGATCGCGTGCCAGCCC;52:V_RXRA_UP:GGCCGTGACCCCGTGAT;72:V_XBP1_01:GTGATGACGTGTCCCAT;92:V_COUPTF_Q6:CCCCCTGACCTTTGCCCCCTGCC;118:V_HNF1_C:AGTTAATGATTAACCAA;138:V_HNF4_Q6:AAGGTCCAG;150:V_HNF3ALPHA_Q6:TGTTTGCTTTG_2.944084,1.0,1.0,4
227,>A:HNF4A-NOMOD_CHR9:34688666-34688740_[CHR9:34688617-34688788]_0.741953,0.0,4.6014786e-05,4
228,>C:SLEA_HG18:CHR2:210861483-210861650|73:V_AP2GAMMA_01:GCCCGGGGG;87:V_AP2GAMMA_01:GCCCGGGGG_0.701226,0.0,3.33786e-06,4
229,>A:HNF4A-NOMOD_CHR4:107179557-107179723_[CHR4:107179554-107179725]_3.188395,1.0,1.1742115e-05,4
230,>R:FOXA2-CHMOD_CHR7:64862682-64862818_[CHR7:64862664-64862835]_0.771704,0.0,0.00013551116,4
231,>R:FOXA2-NOMOD_CHR4:88786513-88786678_[CHR4:88786510-88786681]_0.765697,0.0,3.8444996e-06,4
232,>R:FOXA2-NOMOD_CHR13:48685627-48685783_[CHR13:48685619-48685790]_0.690823,0.0,4.23193e-06,4
233,>C:NEG2_HG19:CHR5:172177153-172177323_0.747973,0.0,0.9999997,4
234,>C:SLEA_HG18:CHR2:210861483-210861650|18:V_RXRA_UP:GGCCGTGACCCCGTGAT;38:V_HNF6_Q6:CAAAATCAATAA;53:V_AHRARNT_02:GGGGATCGCGTGCCAGCCC;75:V_COUPTF_Q6:CCCCCTGACCTTTGCCCCCTGCC;101:V_HNF1_C:AGTTAATGATTAACCAA;121:V_XBP1_01:GTGATGACGTGTCCCAT;141:V_HNF4_Q6:AAGGTCCAG_2.040829,1.0,1.0,4
235,>R:FOXA2-NOMOD_CHR5:52003568-52003736_[CHR5:52003566-52003737]_0.719768,0.0,3.606081e-06,4
236,>R:FOXA2-NOMOD_CHR10:111837631-111837787_[CHR10:111837623-111837794]_0.742218,0.0,3.963709e-06,4
237,>C:SLEA_HG18:CHR2:210861483-210861650|2:V_HNF1_C:AGTTAATGATTAACCAA;23:V_HNF1_C:AGTTAATGATTAACCAA;44:V_XBP1_01:GTGATGACGTGTCCCAT;65:V_HNF1_C:AGTTAATGATTAACCAA;86:V_HNF1_C:AGTTAATGATTAACCAA;107:V_XBP1_01:GTGATGACGTGTCCCAT;128:V_XBP1_01:GTGATGACGTGTCCCAT;149:V_HNF1_C:AGTTAATGATTAACCAA_3.683672,1.0,1.0,4
238,>R:FOXA2-CHMOD_CHR6:7242311-7242440_[CHR6:7242290-7242461]_0.674078,0.0,0.0017578304,4
239,>R:HNF4A-NOMOD_CHR17:73972739-73972846_[CHR17:73972707-73972878]_0.766734,0.0,2.8908253e-06,4
240,>R:EP300-NOMOD_CHR2:21022782-21022953_[CHR2:21022782-21022953]_1.620333,1.0,0.99999815,4
241,>A:HNF4A-NOMOD_CHR5:59052296-59052424_[CHR5:59052274-59052445]_1.954019,1.0,0.0708814,4
242,>C:SLEA_HG18:CHR2:210861483-210861650|103:V_HNF6_Q6:CAAAATCAATAA;155:V_HNF6_Q6:CAAAATCAATAA_0.726342,0.0,2.9206276e-06,4
243,>R:FOXA1-CHMOD_CHR1:56961953-56962062_[CHR1:56961922-56962093]_0.778538,0.0,1.14142895e-05,4
244,>R:FOXA2-NOMOD_CHR1:120359122-120359277_[CHR1:120359114-120359285]_2.730654,1.0,0.99909663,4
245,>C:SLEA_HG18:CHR2:210861483-210861650|18:V_GATA4_Q3:AGATAACAGGGA;83:V_GATA4_Q3:AGATAACAGGGA_0.705679,0.0,1.3113022e-06,5
246,>C:SLEA_HG18:CHR2:210861483-210861650|50:V_AP2GAMMA_01:GCCCGGGGG;64:V_RXRA_UP:GGCCGTGACCCCGTGAT;86:V_AP2GAMMA_01:GCCCGGGGG;100:V_RXRA_UP:GGCCGTGACCCCGTGAT_0.720550,0.0,7.4505806e-06,5
247,>R:HNF4A-CHMOD_CHR7:101668107-101668223_[CHR7:101668079-101668250]_1.789712,1.0,0.02471438,5
248,>R:EP300-CHMOD_CHR1:153539090-153539261_[CHR1:153539090-153539261]_2.181744,1.0,0.99999726,5
249,>R:FOXA1-NOMOD_CHR6:2839499-2839637_[CHR6:2839482-2839653]_1.637097,1.0,7.95722e-06,5
250,>R:FOXA1-CHMOD_CHR4:124580575-124580697_[CHR4:124580550-124580721]_0.774649,0.0,2.413988e-06,5
251,>R:HNF4A-NOMOD_CHR11:128985726-128985822_[CHR11:128985688-128985859]_0.736659,0.0,1.92523e-05,5
252,>R:FOXA1_FOXA2-NOMOD_CHR11:111957476-111957589_[CHR11:111957447-111957618]_1.804370,1.0,0.9994071,5
253,>R:FOXA2-NOMOD_CHR4:152189021-152189140_[CHR4:152188995-152189166]_0.776351,0.0,5.2154064e-06,5
254,>R:HNF4A-CHMOD_CHR17:57444372-57444464_[CHR17:57444332-57444503]_0.774142,0.0,2.503395e-05,5
255,>R:FOXA2-NOMOD_CHR6:8652321-8652426_[CHR6:8652288-8652459]_1.617358,1.0,0.93777734,5
256,>R:FOXA1-CHMOD_CHR10:77515385-77515507_[CHR10:77515360-77515531]_2.052641,1.0,0.005129665,5
257,>R:EP300-NOMOD_CHR9:12814543-12814714_[CHR9:12814543-12814714]_6.999896,1.0,0.00023078918,5
258,>R:FOXA1_FOXA2-CHMOD_CHR1:16508481-16508611_[CHR1:16508460-16508631]_1.986953,1.0,0.9999957,5
259,>R:HNF4A-NOMOD_CHR11:62027907-62027972_[CHR11:62027854-62028025]_1.667144,1.0,1.5497208e-06,5
260,>C:SLEA_HG18:CHR2:210861483-210861650|66:V_HNF4_Q6:AAGGTCCAG;75:V_HNF4_Q6:AAGGTCCAG;84:V_HNF4_Q6:AAGGTCCAG;93:V_HNF4_Q6:AAGGTCCAG_0.752672,0.0,2.2351742e-06,5
261,>C:SLEA_HG18:CHR2:210861483-210861650|73:V_COUPTF_Q6:CCCCCTGACCTTTGCCCCCTGCC_0.724403,0.0,1.66893e-06,5
262,>R:FOXA1-NOMOD_CHR1:178892744-178892851_[CHR1:178892712-178892883]_0.703953,0.0,0.00071266294,5
263,>C:SLEA_HG18:CHR2:210861483-210861650|71:V_HNF4_Q6:AAGGTCCAG;85:V_HNF3ALPHA_Q6:TGTTTGCTTTG_0.709301,0.0,4.0233135e-06,5
264,>R:HNF4A-CHMOD_CHR10:21856170-21856259_[CHR10:21856129-21856300]_0.734032,0.0,4.5269728e-05,5
265,>A:HNF4A-CHMOD_CHR9:5893997-5894108_[CHR9:5893967-5894138]_1.794304,1.0,0.001993686,5
266,>R:FOXA1_HNF4A-CHMOD_CHR3:124339543-124339699_[CHR3:124339535-124339706]_1.876008,1.0,0.9273932,5
267,>C:SLEA_HG18:CHR2:210861483-210861650|10:V_HNF6_Q6:CAAAATCAATAA;25:V_PPARA_02:CCGGGTCATTGGGGTCAGG;47:V_AHRARNT_02:GGGGATCGCGTGCCAGCCC;69:V_COUPTF_Q6:CCCCCTGACCTTTGCCCCCTGCC;95:V_HNF3ALPHA_Q6:TGTTTGCTTTG;109:V_XBP1_01:GTGATGACGTGTCCCAT;129:V_HNF4_Q6:AAGGTCCAG;141:V_HNF1_C:AGTTAATGATTAACCAA_2.595648,1.0,1.0,5
268,>C:SLEA_HG18:CHR2:210861483-210861650|2:V_HNF1_C:AGTTAATGATTAACCAA;23:V_HNF1_C:AGTTAATGATTAACCAA;44:V_HNF1_C:AGTTAATGATTAACCAA;65:V_RXRA_UP:GGCCGTGACCCCGTGAT;86:V_HNF1_C:AGTTAATGATTAACCAA;107:V_RXRA_UP:GGCCGTGACCCCGTGAT;128:V_HNF1_C:AGTTAATGATTAACCAA;149:V_RXRA_UP:GGCCGTGACCCCGTGAT_2.886961,1.0,1.0,5
269,>A:HNF4A-CHMOD_CHR2:3469831-3469926_[CHR2:3469793-3469964]_0.703860,0.0,2.9206276e-06,5
270,>R:HNF4A-NOMOD_CHR7:158291619-158291708_[CHR7:158291578-158291749]_0.729412,0.0,6.765127e-06,5
271,>R:HNF4A-NOMOD_CHR5:42824710-42824777_[CHR5:42824658-42824829]_1.591884,1.0,5.3942204e-06,5
272,>C:SLEA_HG18:CHR2:210861483-210861650|46:V_COUPTF_Q6:CCCCCTGACCTTTGCCCCCTGCC;72:V_HNF3ALPHA_Q6:TGTTTGCTTTG;86:V_HNF1_C:AGTTAATGATTAACCAA;106:V_XBP1_01:GTGATGACGTGTCCCAT_1.792878,1.0,1.0,5
273,>R:EP300-CHMOD_CHR2:47403813-47403984_[CHR2:47403813-47403984]_2.563445,1.0,0.99999994,5
274,>R:HNF4A-NOMOD_CHR3:151534210-151534293_[CHR3:151534166-151534337]_0.756108,0.0,1.2814999e-06,5
275,>R:FOXA2-CHMOD_CHR17:40931990-40932071_[CHR17:40931945-40932116]_1.645743,1.0,0.9988537,5
276,>A:HNF4A-NOMOD_CHR8:42325144-42325214_[CHR8:42325093-42325264]_0.761558,0.0,0.999817,5
277,>A:HNF4A-CHMOD_CHR1:62889577-62889738_[CHR1:62889572-62889743]_2.073451,1.0,6.914139e-06,5
278,>R:FOXA1-NOMOD_CHR19:8459368-8459448_[CHR19:8459322-8459493]_0.717972,0.0,9.971857e-05,5
279,>R:EP300-NOMOD_CHR11:62366765-62366936_[CHR11:62366765-62366936]_1.786608,1.0,0.9981626,5
280,>C:SLEA_HG18:CHR2:210861483-210861650|18:V_RXRA_UP:GGCCGTGACCCCGTGAT;38:V_COUPTF_Q6:CCCCCTGACCTTTGCCCCCTGCC;64:V_AHRARNT_02:GGGGATCGCGTGCCAGCCC;86:V_HNF1_C:AGTTAATGATTAACCAA;106:V_XBP1_01:GTGATGACGTGTCCCAT;126:V_HNF4_Q6:AAGGTCCAG;138:V_HNF3ALPHA_Q6:TGTTTGCTTTG_3.424038,1.0,1.0,5
281,>R:FOXA2-CHMOD_CHR8:37462070-37462180_[CHR8:37462039-37462210]_2.323453,1.0,0.0050436556,5
282,>R:FOXA2-CHMOD_CHRX:40882027-40882105_[CHRX:40881980-40882151]_2.657921,1.0,5.7786703e-05,5
283,>R:HNF4A-NOMOD_CHR8:132594870-132595014_[CHR8:132594856-132595027]_2.188088,1.0,0.010271788,5
284,>R:FOXA1_FOXA2-NOMOD_CHR5:54725510-54725676_[CHR5:54725507-54725678]_0.750825,0.0,0.67427635,5
285,>R:FOXA1-CHMOD_CHR15:58624465-58624519_[CHR15:58624406-58624577]_2.074315,1.0,0.9999882,5
286,>A:HNF4A-CHMOD_CHR9:116150032-116150151_[CHR9:116150006-116150177]_0.729398,0.0,0.00045627356,5
287,>A:HNF4A-CHMOD_CHR16:71628052-71628216_[CHR16:71628048-71628219]_1.996927,1.0,1.3738871e-05,5
288,>R:FOXA1-NOMOD_CHR1:17891271-17891343_[CHR1:17891221-17891392]_0.669386,0.0,4.172325e-06,5
289,>C:SLEA_HG18:CHR2:210861483-210861650|7:V_AHRARNT_02:GGGGATCGCGTGCCAGCCC;29:V_COUPTF_Q6:CCCCCTGACCTTTGCCCCCTGCC;55:V_HNF3ALPHA_Q6:TGTTTGCTTTG;69:V_HNF1_C:AGTTAATGATTAACCAA;89:V_PPARA_02:CCGGGTCATTGGGGTCAGG;111:V_RXRA_UP:GGCCGTGACCCCGTGAT;131:V_XBP1_01:GTGATGACGTGTCCCAT;151:V_HNF4_Q6:AAGGTCCAG_3.292384,1.0,1.0,5
290,>C:SLEA_HG18:CHR2:210861483-210861650|64:V_HNF3ALPHA_Q6:TGTTTGCTTTG;95:V_HNF4_Q6:AAGGTCCAG_0.754775,0.0,1.2218952e-06,5
291,>R:FOXA1_FOXA2-NOMOD_CHR6:132157838-132157992_[CHR6:132157829-132158000]_0.734995,0.0,2.115965e-06,5
292,>C:SLEA_HG18:CHR9:82902419-82902586|8:V_PPARA_02:CCGGGTCATTGGGGTCAGG;30:V_HNF1_C:AGTTAATGATTAACCAA;50:V_HNF3ALPHA_Q6:TGTTTGCTTTG;64:V_AHRARNT_02:GGGGATCGCGTGCCAGCCC;86:V_RXRA_UP:GGCCGTGACCCCGTGAT;106:V_XBP1_01:GTGATGACGTGTCCCAT;126:V_COUPTF_Q6:CCCCCTGACCTTTGCCCCCTGCC;152:V_HNF4_Q6:AAGGTCCAG_2.523720,1.0,1.0,5
293,>A:HNF4A-CHMOD_CHR11:62609129-62609215_[CHR11:62609086-62609257]_0.761145,0.0,4.9604396e-06,5
294,>C:SLEA_HG18:CHR9:82902419-82902586|10:V_COUPTF_Q6:CCCCCTGACCTTTGCCCCCTGCC;36:V_PPARA_02:CCGGGTCATTGGGGTCAGG;58:V_AHRARNT_02:GGGGATCGCGTGCCAGCCC;80:V_HNF4_Q6:AAGGTCCAG;92:V_HNF1_C:AGTTAATGATTAACCAA;112:V_HNF3ALPHA_Q6:TGTTTGCTTTG;126:V_RXRA_UP:GGCCGTGACCCCGTGAT;146:V_HNF6_Q6:CAAAATCAATAA_2.512961,1.0,0.999998,6
295,>R:FOXA1_HNF4A-NOMOD_CHR2:165794448-165794580_[CHR2:165794428-165794599]_0.747956,0.0,6.681681e-05,6
296,>R:HNF4A-CHMOD_CHR1:32644123-32644262_[CHR1:32644107-32644278]_0.761450,0.0,0.00081017613,6
297,>C:SLEA_HG18:CHR2:210861483-210861650|25:V_PPARA_02:CCGGGTCATTGGGGTCAGG;47:V_XBP1_01:GTGATGACGTGTCCCAT;67:V_RXRA_UP:GGCCGTGACCCCGTGAT;87:V_HNF3ALPHA_Q6:TGTTTGCTTTG;101:V_COUPTF_Q6:CCCCCTGACCTTTGCCCCCTGCC;127:V_HNF1_C:AGTTAATGATTAACCAA_1.826817,1.0,1.0,6
298,>C:SLEA_HG18:CHR9:82902419-82902586|24:V_HNF4_Q6:AAGGTCCAG;36:V_HNF1_C:AGTTAATGATTAACCAA;56:V_HNF3ALPHA_Q6:TGTTTGCTTTG;70:V_RXRA_UP:GGCCGTGACCCCGTGAT;90:V_HNF6_Q6:CAAAATCAATAA;105:V_XBP1_01:GTGATGACGTGTCCCAT;125:V_PPARA_02:CCGGGTCATTGGGGTCAGG_2.793592,1.0,1.0,6
299,>C:SLEA_HG18:CHR2:210861483-210861650|4:V_COUPTF_Q6:CCCCCTGACCTTTGCCCCCTGCC;32:V_HNF3ALPHA_Q6:TGTTTGCTTTG;48:V_COUPTF_Q6:CCCCCTGACCTTTGCCCCCTGCC;76:V_HNF3ALPHA_Q6:TGTTTGCTTTG;92:V_HNF3ALPHA_Q6:TGTTTGCTTTG;108:V_COUPTF_Q6:CCCCCTGACCTTTGCCCCCTGCC;136:V_HNF3ALPHA_Q6:TGTTTGCTTTG;152:V_HNF3ALPHA_Q6:TGTTTGCTTTG_2.135108,1.0,0.99992824,6
300,>R:FOXA1_FOXA2-CHMOD_CHR10:29205278-29205405_[CHR10:29205256-29205427]_0.727062,0.0,0.008684963,6
301,>A:HNF4A-CHMOD_CHR2:54434942-54435060_[CHR2:54434915-54435086]_0.762436,0.0,6.854534e-05,6
302,>R:FOXA2_HNF4A-NOMOD_CHR4:84772471-84772599_[CHR4:84772449-84772620]_2.893512,1.0,0.0006503463,6
303,>R:FOXA1_FOXA2-NOMOD_CHR5:149896982-149897105_[CHR5:149896958-149897129]_0.752795,0.0,2.6375055e-05,6
304,>R:FOXA1-NOMOD_CHR17:72432719-72432883_[CHR17:72432715-72432886]_0.759315,0.0,0.013056785,6
305,>R:FOXA1-CHMOD_CHR18:46597055-46597204_[CHR18:46597044-46597215]_0.759760,0.0,2.1845102e-05,6
306,>A:HNF4A-NOMOD_CHR1:45147929-45147996_[CHR1:45147877-45148048]_2.167703,1.0,8.1032515e-05,6
307,>A:HNF4A-CHMOD_CHR2:235704394-235704478_[CHR2:235704350-235704521]_0.759192,0.0,1.7911196e-05,6
308,>R:FOXA1-NOMOD_CHR19:41829521-41829690_[CHR19:41829520-41829691]_1.672288,1.0,0.9996438,6
309,>R:HNF4A-CHMOD_CHR17:76744371-76744493_[CHR17:76744346-76744517]_0.746580,0.0,0.012305468,6
310,>R:FOXA2-CHMOD_CHR6:3790162-3790321_[CHR6:3790156-3790327]_0.707878,0.0,6.198883e-06,6
311,>R:FOXA1_FOXA2-CHMOD_CHR1:38000211-38000353_[CHR1:38000196-38000367]_6.020029,1.0,0.5204606,6
312,>R:EP300-CHMOD_CHR17:7146264-7146435_[CHR17:7146264-7146435]_1.911852,1.0,0.99999714,6
313,>R:FOXA1_FOXA2_HNF4A-NOMOD_CHR10:5238085-5238215_[CHR10:5238064-5238235]_2.603096,1.0,3.373623e-05,6
314,>C:SLEA_HG18:CHR2:210861483-210861650|6:V_AHRARNT_02:GGGGATCGCGTGCCAGCCC;27:V_HNF1_C:AGTTAATGATTAACCAA;46:V_HNF1_C:AGTTAATGATTAACCAA;65:V_AHRARNT_02:GGGGATCGCGTGCCAGCCC;86:V_HNF1_C:AGTTAATGATTAACCAA;105:V_HNF1_C:AGTTAATGATTAACCAA;124:V_HNF1_C:AGTTAATGATTAACCAA;143:V_AHRARNT_02:GGGGATCGCGTGCCAGCCC_3.327080,1.0,1.0,6
315,>C:SLEA_HG18:CHR9:82902419-82902586|20:V_RXRA_UP:GGCCGTGACCCCGTGAT;40:V_AHRARNT_02:GGGGATCGCGTGCCAGCCC;62:V_PPARA_02:CCGGGTCATTGGGGTCAGG;84:V_HNF6_Q6:CAAAATCAATAA;99:V_XBP1_01:GTGATGACGTGTCCCAT;119:V_HNF1_C:AGTTAATGATTAACCAA;139:V_HNF4_Q6:AAGGTCCAG_2.257479,1.0,1.0,6
316,>C:SLEA_HG18:CHR2:210861483-210861650|17:V_AHRARNT_02:GGGGATCGCGTGCCAGCCC;39:V_COUPTF_Q6:CCCCCTGACCTTTGCCCCCTGCC;65:V_XBP1_01:GTGATGACGTGTCCCAT;85:V_HNF6_Q6:CAAAATCAATAA;100:V_RXRA_UP:GGCCGTGACCCCGTGAT;120:V_HNF3ALPHA_Q6:TGTTTGCTTTG;134:V_HNF1_C:AGTTAATGATTAACCAA_2.194785,1.0,1.0,6
317,>A:HNF4A-NOMOD_CHR15:92080087-92080230_[CHR15:92080073-92080244]_1.825002,1.0,5.686283e-05,6
318,>R:HNF4A-NOMOD_CHR4:74214040-74214110_[CHR4:74213989-74214160]_0.682902,0.0,0.00017127395,6
319,>C:SLEA_HG18:CHR2:210861483-210861650|8:V_HNF4_Q6:AAGGTCCAG;20:V_COUPTF_Q6:CCCCCTGACCTTTGCCCCCTGCC;46:V_XBP1_01:GTGATGACGTGTCCCAT;66:V_RXRA_UP:GGCCGTGACCCCGTGAT;86:V_HNF1_C:AGTTAATGATTAACCAA;106:V_HNF3ALPHA_Q6:TGTTTGCTTTG;120:V_PPARA_02:CCGGGTCATTGGGGTCAGG;142:V_AHRARNT_02:GGGGATCGCGTGCCAGCCC_2.420259,1.0,1.0,6
320,>C:SLEA_HG18:CHR2:210861483-210861650|17:V_COUPTF_Q6:CCCCCTGACCTTTGCCCCCTGCC;43:V_PPARA_02:CCGGGTCATTGGGGTCAGG;65:V_HNF6_Q6:CAAAATCAATAA;80:V_XBP1_01:GTGATGACGTGTCCCAT;100:V_AHRARNT_02:GGGGATCGCGTGCCAGCCC;122:V_HNF4_Q6:AAGGTCCAG;134:V_HNF1_C:AGTTAATGATTAACCAA_4.135176,1.0,1.0,6
321,>C:SLEA_HG18:CHR2:210861483-210861650|56:V_HNF6_Q6:CAAAATCAATAA;88:V_COUPTF_Q6:CCCCCTGACCTTTGCCCCCTGCC_0.734249,0.0,0.0039816797,6
322,>R:FOXA1-NOMOD_CHR4:124426243-124426401_[CHR4:124426236-124426407]_0.767408,0.0,0.17991722,6
323,>C:SLEA_HG18:CHR2:210861483-210861650|8:V_PPARA_02:CCGGGTCATTGGGGTCAGG;30:V_XBP1_01:GTGATGACGTGTCCCAT;50:V_RXRA_UP:GGCCGTGACCCCGTGAT;70:V_AHRARNT_02:GGGGATCGCGTGCCAGCCC;92:V_HNF4_Q6:AAGGTCCAG;104:V_HNF3ALPHA_Q6:TGTTTGCTTTG;118:V_COUPTF_Q6:CCCCCTGACCTTTGCCCCCTGCC;144:V_HNF1_C:AGTTAATGATTAACCAA_2.413701,1.0,1.0,6
324,>C:SLEA_HG18:CHR9:82902419-82902586|11:V_HNF4_Q6:AAGGTCCAG;23:V_COUPTF_Q6:CCCCCTGACCTTTGCCCCCTGCC;49:V_HNF1_C:AGTTAATGATTAACCAA;69:V_HNF3ALPHA_Q6:TGTTTGCTTTG;83:V_RXRA_UP:GGCCGTGACCCCGTGAT;103:V_HNF6_Q6:CAAAATCAATAA;118:V_XBP1_01:GTGATGACGTGTCCCAT;138:V_PPARA_02:CCGGGTCATTGGGGTCAGG_2.808260,1.0,1.0,6
325,>C:SLEA_HG18:CHR9:82902419-82902586|2:V_RXRA_UP:GGCCGTGACCCCGTGAT;23:V_RXRA_UP:GGCCGTGACCCCGTGAT;44:V_RXRA_UP:GGCCGTGACCCCGTGAT;65:V_HNF1_C:AGTTAATGATTAACCAA;86:V_RXRA_UP:GGCCGTGACCCCGTGAT;107:V_HNF1_C:AGTTAATGATTAACCAA;128:V_HNF1_C:AGTTAATGATTAACCAA;149:V_RXRA_UP:GGCCGTGACCCCGTGAT_2.995003,1.0,1.0,6
326,>C:SLEA_HG18:CHR2:210861483-210861650|35:V_XBP1_01:GTGATGACGTGTCCCAT;55:V_COUPTF_Q6:CCCCCTGACCTTTGCCCCCTGCC;81:V_HNF3ALPHA_Q6:TGTTTGCTTTG;95:V_HNF1_C:AGTTAATGATTAACCAA;115:V_RXRA_UP:GGCCGTGACCCCGTGAT_1.748763,1.0,1.0,6
327,>A:HNF4A-NOMOD_CHR2:74979612-74979699_[CHR2:74979570-74979741]_0.738489,0.0,1.8775463e-05,6
328,>R:FOXA1_FOXA2-NOMOD_CHR4:69524529-69524632_[CHR4:69524495-69524666]_0.756752,0.0,1.4603138e-05,6
329,>R:FOXA1_FOXA2-NOMOD_CHR15:80449679-80449830_[CHR15:80449669-80449840]_0.704963,0.0,5.3673983e-05,6
330,>R:HNF4A-CHMOD_CHR18:3618242-3618335_[CHR18:3618203-3618374]_3.566062,1.0,1.8328428e-05,6
331,>R:FOXA1_FOXA2-NOMOD_CHR14:105233418-105233528_[CHR14:105233387-105233558]_1.674922,1.0,2.1368265e-05,6
332,>R:FOXA2-CHMOD_CHR16:72051122-72051291_[CHR16:72051121-72051292]_0.774382,0.0,0.0046779215,6
333,>R:FOXA2-NOMOD_CHR13:73784768-73784923_[CHR13:73784760-73784931]_0.769264,0.0,6.404519e-05,6
334,>R:FOXA2-NOMOD_CHR12:93479624-93479697_[CHR12:93479575-93479746]_0.708321,0.0,6.2286854e-06,6
335,>R:HNF4A-CHMOD_CHR5:138066788-138066943_[CHR5:138066780-138066951]_0.723328,0.0,0.0001629591,6
336,>R:FOXA1-NOMOD_CHR7:134586563-134586704_[CHR7:134586548-134586719]_1.713433,1.0,2.014637e-05,6
337,>C:SLEA_HG18:CHR2:210861483-210861650|47:V_HNF6_Q6:CAAAATCAATAA;64:V_COUPTF_Q6:CCCCCTGACCTTTGCCCCCTGCC;92:V_HNF6_Q6:CAAAATCAATAA;109:V_HNF6_Q6:CAAAATCAATAA_0.767819,0.0,1.2695789e-05,6
338,>R:FOXA1-NOMOD_CHR2:38959073-38959192_[CHR2:38959047-38959218]_0.768848,0.0,0.0002027452,6
339,>R:FOXA1_FOXA2_HNF4A-NOMOD_CHR20:32125537-32125708_[CHR20:32125537-32125708]_0.753375,0.0,3.963709e-06,6
340,>C:SLEA_HG18:CHR9:82902419-82902586|42:V_HNF1_C:AGTTAATGATTAACCAA;64:V_HNF1_C:AGTTAATGATTAACCAA;86:V_RXRA_UP:GGCCGTGACCCCGTGAT;108:V_HNF1_C:AGTTAATGATTAACCAA_1.969737,1.0,1.0,6
341,>R:HNF4A-CHMOD_CHR3:13405692-13405834_[CHR3:13405677-13405848]_0.754432,0.0,0.00034996867,6
342,>R:FOXA1-NOMOD_CHRY:7178656-7178815_[CHRY:7178650-7178821]_0.731673,0.0,4.2260726e-06,6
343,>R:FOXA2-NOMOD_CHR20:46046723-46046807_[CHR20:46046679-46046850]_0.667685,0.0,2.503395e-06,7
344,>R:FOXA1-NOMOD_CHR5:95532018-95532177_[CHR5:95532012-95532183]_0.732310,0.0,1.66893e-06,7
345,>C:SLEA_HG18:CHR9:82902419-82902586|46:V_HNF3ALPHA_Q6:TGTTTGCTTTG;60:V_COUPTF_Q6:CCCCCTGACCTTTGCCCCCTGCC;86:V_HNF1_C:AGTTAATGATTAACCAA;106:V_XBP1_01:GTGATGACGTGTCCCAT_2.077190,1.0,1.0,7
346,>C:SLEA_HG18:CHR9:82902419-82902586|2:V_HNF1_C:AGTTAATGATTAACCAA;23:V_RXRA_UP:GGCCGTGACCCCGTGAT;44:V_RXRA_UP:GGCCGTGACCCCGTGAT;65:V_HNF1_C:AGTTAATGATTAACCAA;86:V_RXRA_UP:GGCCGTGACCCCGTGAT;107:V_RXRA_UP:GGCCGTGACCCCGTGAT;128:V_HNF1_C:AGTTAATGATTAACCAA;149:V_RXRA_UP:GGCCGTGACCCCGTGAT_2.695690,1.0,1.0,7
347,>R:FOXA2-CHMOD_CHR7:96045996-96046122_[CHR7:96045973-96046144]_0.736565,0.0,1.9669533e-06,7
348,>R:FOXA1_FOXA2-NOMOD_CHR10:104913344-104913480_[CHR10:104913326-104913497]_0.696763,0.0,2.3841858e-06,7
349,>A:HNF4A-CHMOD_CHR17:74378473-74378572_[CHR17:74378437-74378608]_1.604481,1.0,0.9999969,7
350,>C:SLEA_HG18:CHR2:210861483-210861650|19:V_HNF3ALPHA_Q6:TGTTTGCTTTG;33:V_HNF6_Q6:CAAAATCAATAA;48:V_HNF1_C:AGTTAATGATTAACCAA;68:V_RXRA_UP:GGCCGTGACCCCGTGAT;88:V_XBP1_01:GTGATGACGTGTCCCAT;108:V_AHRARNT_02:GGGGATCGCGTGCCAGCCC;130:V_PPARA_02:CCGGGTCATTGGGGTCAGG_2.341609,1.0,1.0,7
351,>A:HNF4A-CHMOD_CHR5:78281698-78281840_[CHR5:78281683-78281854]_2.345388,1.0,4.544854e-05,7
352,>R:HNF4A-NOMOD_CHR22:45072859-45072963_[CHR22:45072825-45072996]_1.636819,1.0,0.9999728,7
353,>R:FOXA1-CHMOD_CHR10:101943330-101943497_[CHR10:101943328-101943499]_0.775085,0.0,4.798174e-05,7
354,>R:FOXA1_FOXA2-NOMOD_CHR1:154670833-154670976_[CHR1:154670819-154670990]_0.766903,0.0,0.001139164,7
355,>C:SLEA_HG18:CHR2:210861483-210861650|2:V_XBP1_01:GTGATGACGTGTCCCAT;23:V_XBP1_01:GTGATGACGTGTCCCAT;44:V_RXRA_UP:GGCCGTGACCCCGTGAT;65:V_RXRA_UP:GGCCGTGACCCCGTGAT;86:V_XBP1_01:GTGATGACGTGTCCCAT;107:V_RXRA_UP:GGCCGTGACCCCGTGAT;128:V_RXRA_UP:GGCCGTGACCCCGTGAT;149:V_XBP1_01:GTGATGACGTGTCCCAT_2.968334,1.0,1.0,7
356,>A:HNF4A-CHMOD_CHR6:158432683-158432852_[CHR6:158432682-158432853]_1.839933,1.0,2.771616e-06,7
357,>R:FOXA2-CHMOD_CHR6:48078958-48079073_[CHR6:48078930-48079101]_1.823822,1.0,3.695488e-06,7
358,>R:FOXA2-NOMOD_CHR3:128062448-128062612_[CHR3:128062444-128062615]_1.660373,1.0,0.9996207,7
359,>R:FOXA2-NOMOD_CHR8:30375095-30375252_[CHR8:30375088-30375259]_0.664257,0.0,1.937151e-06,7
360,>C:SLEA_HG18:CHR2:210861483-210861650|12:V_XBP1_01:GTGATGACGTGTCCCAT;33:V_CEBP_Q2_01:ATTGCACAATCC;49:V_XBP1_01:GTGATGACGTGTCCCAT;70:V_CEBP_Q2_01:ATTGCACAATCC;86:V_CEBP_Q2_01:ATTGCACAATCC;102:V_XBP1_01:GTGATGACGTGTCCCAT;123:V_CEBP_Q2_01:ATTGCACAATCC;139:V_XBP1_01:GTGATGACGTGTCCCAT_2.327762,1.0,1.0,7
361,>R:FOXA1-NOMOD_CHR20:12957389-12957542_[CHR20:12957380-12957551]_0.771963,0.0,1.3411045e-06,7
362,>R:FOXA2-NOMOD_CHR9:126227761-126227927_[CHR9:126227758-126227929]_0.708621,0.0,4.61936e-06,7
363,>C:SLEA_HG18:CHR2:210861483-210861650|4:V_AHRARNT_02:GGGGATCGCGTGCCAGCCC;25:V_AHRARNT_02:GGGGATCGCGTGCCAGCCC;46:V_AHRARNT_02:GGGGATCGCGTGCCAGCCC;67:V_HNF1_C:AGTTAATGATTAACCAA;86:V_AHRARNT_02:GGGGATCGCGTGCCAGCCC;107:V_HNF1_C:AGTTAATGATTAACCAA;126:V_AHRARNT_02:GGGGATCGCGTGCCAGCCC;147:V_HNF1_C:AGTTAATGATTAACCAA_5.012535,1.0,1.0,7
364,>A:HNF4A-NOMOD_CHR4:74469245-74469382_[CHR4:74469228-74469399]_1.935152,1.0,2.3722649e-05,7
365,>R:FOXA1_FOXA2-CHMOD_CHR2:28619379-28619511_[CHR2:28619359-28619530]_0.747057,0.0,0.00027039647,7
366,>R:HNF4A-NOMOD_CHR9:71719765-71719882_[CHR9:71719738-71719909]_0.772281,0.0,4.4703484e-06,7
367,>R:FOXA1_FOXA2-CHMOD_CHR20:34771185-34771318_[CHR20:34771166-34771337]_1.599564,1.0,0.011917263,7
368,>R:EP300-CHMOD_CHR6:36410610-36410781_[CHR6:36410610-36410781]_1.697265,1.0,1.0,7
369,>R:FOXA1_FOXA2-NOMOD_CHR18:67981029-67981173_[CHR18:67981015-67981186]_0.763060,0.0,0.0041642785,7
370,>R:EP300-NOMOD_CHR16:72959318-72959489_[CHR16:72959318-72959489]_0.765761,0.0,7.122755e-06,7
371,>R:FOXA2-NOMOD_CHR1:54365026-54365147_[CHR1:54365001-54365172]_0.686526,0.0,0.08054587,7
372,>R:FOXA1-CHMOD_CHR18:29167583-29167683_[CHR18:29167547-29167718]_0.733191,0.0,2.1457672e-06,7
373,>R:HNF4A-CHMOD_CHR3:97729317-97729392_[CHR3:97729269-97729440]_0.757243,0.0,5.155802e-06,7
374,>R:FOXA2-NOMOD_CHR18:37281921-37282079_[CHR18:37281914-37282085]_1.911012,1.0,0.9999018,7
375,>R:HNF4A-NOMOD_CHR20:23129094-23129159_[CHR20:23129041-23129212]_1.961385,1.0,0.9999824,7
376,>R:HNF4A-CHMOD_CHR5:14169048-14169177_[CHR5:14169027-14169198]_0.690838,0.0,1.7881393e-06,7
377,>C:SLEA_HG18:CHR2:210861483-210861650|11:V_HNF3ALPHA_Q6:TGTTTGCTTTG;25:V_XBP1_01:GTGATGACGTGTCCCAT;45:V_RXRA_UP:GGCCGTGACCCCGTGAT;65:V_AHRARNT_02:GGGGATCGCGTGCCAGCCC;87:V_COUPTF_Q6:CCCCCTGACCTTTGCCCCCTGCC;113:V_HNF1_C:AGTTAATGATTAACCAA;133:V_HNF6_Q6:CAAAATCAATAA;148:V_HNF4_Q6:AAGGTCCAG_2.595820,1.0,1.0,7
378,>R:EP300-NOMOD_CHR16:3070958-3071129_[CHR16:3070958-3071129]_2.491024,1.0,1.0,7
379,>R:FOXA1_FOXA2-NOMOD_CHR9:119329242-119329409_[CHR9:119329240-119329411]_1.813737,1.0,0.00014662743,7
380,>R:FOXA1-NOMOD_CHR3:136430838-136430940_[CHR3:136430803-136430974]_1.785337,1.0,9.11057e-05,7
381,>A:HNF4A-CHMOD_CHR16:52646013-52646087_[CHR16:52645964-52646135]_1.699449,1.0,6.7055225e-06,7
382,>C:SLEA_HG18:CHR2:210861483-210861650|35:V_HNF3ALPHA_Q6:TGTTTGCTTTG;49:V_PPARA_02:CCGGGTCATTGGGGTCAGG;71:V_HNF1_C:AGTTAATGATTAACCAA;91:V_XBP1_01:GTGATGACGTGTCCCAT;111:V_COUPTF_Q6:CCCCCTGACCTTTGCCCCCTGCC_1.700330,1.0,1.0,7
383,>R:FOXA2_HNF4A-NOMOD_CHR8:97469346-97469462_[CHR8:97469318-97469489]_0.758532,0.0,2.7894974e-05,7
384,>R:HNF4A-NOMOD_CHR2:110448466-110448532_[CHR2:110448413-110448584]_0.718905,0.0,0.012737453,7
385,>C:SLEA_HG18:CHR2:210861483-210861650|22:V_COUPTF_Q6:CCCCCTGACCTTTGCCCCCTGCC;48:V_HNF6_Q6:CAAAATCAATAA;63:V_HNF4_Q6:AAGGTCCAG;75:V_XBP1_01:GTGATGACGTGTCCCAT;95:V_RXRA_UP:GGCCGTGACCCCGTGAT;115:V_HNF3ALPHA_Q6:TGTTTGCTTTG;129:V_HNF1_C:AGTTAATGATTAACCAA_2.207685,1.0,1.0,7
386,>R:FOXA2-NOMOD_CHR15:64800178-64800288_[CHR15:64800147-64800318]_0.645211,0.0,4.5269728e-05,7
387,>R:FOXA1_FOXA2-NOMOD_CHR7:107653033-107653204_[CHR7:107653033-107653204]_1.708463,1.0,4.759431e-05,7
388,>R:EP300-NOMOD_CHR12:54688433-54688604_[CHR12:54688433-54688604]_0.699456,0.0,0.0006545186,7
389,>R:FOXA1-NOMOD_CHR7:99842638-99842808_[CHR7:99842637-99842808]_0.733912,0.0,4.798174e-06,7
390,>R:HNF4A-CHMOD_CHR1:214129724-214129888_[CHR1:214129720-214129891]_0.756924,0.0,1.6093254e-06,7
391,>A:HNF4A-NOMOD_CHR5:153746041-153746116_[CHR5:153745993-153746164]_2.272875,1.0,0.99938166,7
392,>R:FOXA1_FOXA2-NOMOD_CHR2:190417879-190418048_[CHR2:190417878-190418049]_0.767893,0.0,1.013279e-06,8
393,>R:FOXA2-CHMOD_CHR10:120880074-120880167_[CHR10:120880035-120880206]_0.701618,0.0,2.6226044e-06,8
394,>R:FOXA2-NOMOD_CHR3:10864777-10864942_[CHR3:10864774-10864945]_0.747157,0.0,1.8060207e-05,8
395,>A:HNF4A-CHMOD_CHR6:155808070-155808185_[CHR6:155808042-155808213]_0.735877,0.0,1.3113022e-06,8
396,>R:HNF4A-CHMOD_CHR14:94759532-94759661_[CHR14:94759511-94759682]_1.953007,1.0,0.004809648,8
397,>R:FOXA2_HNF4A-CHMOD_CHR14:76117190-76117359_[CHR14:76117189-76117360]_0.758441,0.0,1.2516975e-06,8
398,>R:FOXA2-NOMOD_CHR12:53297764-53297903_[CHR12:53297748-53297919]_1.604375,1.0,9.0152025e-05,8
399,>R:EP300-CHMOD_CHR16:58663679-58663850_[CHR16:58663679-58663850]_1.998329,1.0,1.0,8
400,>A:HNF4A-CHMOD_CHR1:228974339-228974404_[CHR1:228974286-228974457]_1.664765,1.0,0.00024202466,8
401,>A:HNF4A-NOMOD_CHR1:113547133-113547198_[CHR1:113547080-113547251]_0.735646,0.0,1.4305115e-06,8
402,>C:SLEA_HG18:CHR2:210861483-210861650|19:V_PPARA_02:CCGGGTCATTGGGGTCAGG;41:V_XBP1_01:GTGATGACGTGTCCCAT;61:V_RXRA_UP:GGCCGTGACCCCGTGAT;81:V_HNF3ALPHA_Q6:TGTTTGCTTTG;95:V_COUPTF_Q6:CCCCCTGACCTTTGCCCCCTGCC;121:V_HNF1_C:AGTTAATGATTAACCAA;141:V_HNF4_Q6:AAGGTCCAG_2.298784,1.0,1.0,8
403,>A:HNF4A-NOMOD_CHR20:25154683-25154826_[CHR20:25154669-25154840]_1.720216,1.0,8.633733e-05,8
404,>A:HNF4A-NOMOD_CHR22:24901420-24901552_[CHR22:24901400-24901571]_0.771298,0.0,0.41728282,8
405,>R:FOXA1_FOXA2-CHMOD_CHR3:9444584-9444751_[CHR3:9444582-9444753]_0.706187,0.0,1.8000603e-05,8
406,>C:SLEA_HG18:CHR9:82902419-82902586|2:V_AHRARNT_02:GGGGATCGCGTGCCAGCCC;26:V_AHRARNT_02:GGGGATCGCGTGCCAGCCC;50:V_AHRARNT_02:GGGGATCGCGTGCCAGCCC;74:V_AHRARNT_02:GGGGATCGCGTGCCAGCCC;98:V_HNF3ALPHA_Q6:TGTTTGCTTTG;114:V_HNF3ALPHA_Q6:TGTTTGCTTTG;130:V_AHRARNT_02:GGGGATCGCGTGCCAGCCC;154:V_HNF3ALPHA_Q6:TGTTTGCTTTG_2.274340,1.0,0.9999994,8
407,>C:SLEA_HG18:CHR9:82902419-82902586|6:V_PPARA_02:CCGGGTCATTGGGGTCAGG;28:V_RXRA_UP:GGCCGTGACCCCGTGAT;48:V_HNF6_Q6:CAAAATCAATAA;63:V_AHRARNT_02:GGGGATCGCGTGCCAGCCC;85:V_COUPTF_Q6:CCCCCTGACCTTTGCCCCCTGCC;111:V_HNF3ALPHA_Q6:TGTTTGCTTTG;125:V_HNF1_C:AGTTAATGATTAACCAA;145:V_XBP1_01:GTGATGACGTGTCCCAT_2.242292,1.0,1.0,8
408,>R:FOXA1-NOMOD_CHR13:33833049-33833180_[CHR13:33833029-33833200]_0.646857,0.0,2.8312206e-06,8
409,>A:HNF4A-CHMOD_CHR14:62019771-62019891_[CHR14:62019745-62019916]_2.157762,1.0,3.6656857e-06,8
410,>R:FOXA1-NOMOD_CHR1:52747328-52747439_[CHR1:52747298-52747469]_1.601627,1.0,1.9669533e-06,8
411,>R:FOXA1_FOXA2-NOMOD_CHR1:200874777-200874922_[CHR1:200874764-200874935]_0.712527,0.0,1.1920929e-06,8
412,>R:FOXA2-CHMOD_CHR2:64894304-64894420_[CHR2:64894276-64894447]_0.739707,0.0,2.1457672e-06,8
413,>R:FOXA2-CHMOD_CHR10:80203776-80203928_[CHR10:80203766-80203937]_0.765329,0.0,0.046021312,8
414,>R:FOXA1-NOMOD_CHR15:39652680-39652829_[CHR15:39652669-39652840]_0.765179,0.0,2.6226044e-06,8
415,>R:FOXA2-CHMOD_CHR9:107954094-107954231_[CHR9:107954077-107954248]_0.743180,0.0,1.1026859e-06,8
416,>C:SLEA_HG18:CHR9:82902419-82902586|21:V_HNF4_Q6:AAGGTCCAG;33:V_XBP1_01:GTGATGACGTGTCCCAT;53:V_HNF3ALPHA_Q6:TGTTTGCTTTG;67:V_AHRARNT_02:GGGGATCGCGTGCCAGCCC;89:V_HNF6_Q6:CAAAATCAATAA;104:V_COUPTF_Q6:CCCCCTGACCTTTGCCCCCTGCC;130:V_HNF1_C:AGTTAATGATTAACCAA_2.001431,1.0,1.0,8
417,>R:FOXA1-CHMOD_CHR22:29282091-29282259_[CHR22:29282089-29282260]_0.768081,0.0,1.5497208e-06,8
418,>R:EP300-CHMOD_CHR11:9385927-9386098_[CHR11:9385927-9386098]_2.663373,1.0,1.0,8
419,>R:FOXA1_FOXA2_HNF4A-CHMOD_CHR14:102909149-102909316_[CHR14:102909147-102909318]_0.735914,0.0,0.44861203,8
420,>R:EP300-NOMOD_CHR20:48989319-48989490_[CHR20:48989319-48989490]_2.120254,1.0,1.0,8
421,>R:EP300-NOMOD_CHR1:23884909-23885080_[CHR1:23884909-23885080]_2.044102,1.0,0.9999992,8
422,>A:HNF4A-NOMOD_CHR4:74211516-74211599_[CHR4:74211472-74211643]_0.772538,0.0,1.6391277e-06,8
423,>R:EP300-CHMOD_CHR5:74632791-74632962_[CHR5:74632791-74632962]_2.468824,1.0,0.99022806,8
424,>C:SLEA_HG18:CHR2:210861483-210861650|6:V_AP2GAMMA_01:GCCCGGGGG;105:V_AP2GAMMA_01:GCCCGGGGG;118:V_AP2GAMMA_01:GCCCGGGGG;146:V_AP2GAMMA_01:GCCCGGGGG_0.717524,0.0,3.874302e-06,8
425,>R:HNF4A-NOMOD_CHR3:58154477-58154552_[CHR3:58154429-58154600]_0.728403,0.0,3.1888485e-06,8
426,>R:FOXA1_FOXA2-NOMOD_CHR3:171593815-171593944_[CHR3:171593794-171593965]_0.759086,0.0,1.3113022e-06,8
427,>C:SLEA_HG18:CHR2:210861483-210861650|10:V_HNF4_Q6:AAGGTCCAG;22:V_AHRARNT_02:GGGGATCGCGTGCCAGCCC;44:V_PPARA_02:CCGGGTCATTGGGGTCAGG;66:V_HNF6_Q6:CAAAATCAATAA;81:V_HNF1_C:AGTTAATGATTAACCAA;101:V_HNF3ALPHA_Q6:TGTTTGCTTTG;115:V_XBP1_01:GTGATGACGTGTCCCAT;135:V_COUPTF_Q6:CCCCCTGACCTTTGCCCCCTGCC_3.096265,1.0,1.0,8
428,>R:FOXA1-NOMOD_CHR2:69427400-69427513_[CHR2:69427371-69427542]_0.760915,0.0,7.987022e-06,8
429,>R:HNF4A-CHMOD_CHR1:56914695-56914860_[CHR1:56914692-56914863]_1.627133,1.0,0.9998008,8
430,>R:FOXA2-NOMOD_CHR12:12559019-12559133_[CHR12:12558990-12559161]_0.732511,0.0,3.963709e-06,8
431,>R:FOXA1-NOMOD_CHRX:23825772-23825856_[CHRX:23825728-23825899]_4.987965,1.0,0.99965954,8
432,>R:EP300-NOMOD_CHR3:23958571-23958742_[CHR3:23958571-23958742]_2.955224,1.0,9.268522e-06,8
433,>R:HNF4A-CHMOD_CHR1:95428581-95428646_[CHR1:95428528-95428699]_0.772312,0.0,1.41859055e-05,8
434,>R:HNF4A-NOMOD_CHR10:106048197-106048327_[CHR10:106048176-106048347]_0.739517,0.0,1.7285347e-06,8
435,>C:SLEA_HG18:CHR9:82902419-82902586|2:V_HNF1_C:AGTTAATGATTAACCAA;23:V_RXRA_UP:GGCCGTGACCCCGTGAT;44:V_RXRA_UP:GGCCGTGACCCCGTGAT;65:V_HNF1_C:AGTTAATGATTAACCAA;86:V_RXRA_UP:GGCCGTGACCCCGTGAT;107:V_RXRA_UP:GGCCGTGACCCCGTGAT;128:V_HNF1_C:AGTTAATGATTAACCAA;149:V_HNF1_C:AGTTAATGATTAACCAA_3.437021,1.0,1.0,8
436,>A:HNF4A-NOMOD_CHR1:15472009-15472077_[CHR1:15471957-15472128]_0.661988,0.0,1.4901161e-06,8
437,>R:FOXA1_FOXA2-NOMOD_CHR7:7771443-7771612_[CHR7:7771442-7771613]_1.813004,1.0,1.1622906e-06,8
438,>R:EP300-CHMOD_CHR19:3397595-3397766_[CHR19:3397595-3397766]_1.627836,1.0,0.9999999,8
439,>C:SLEA_HG18:CHR2:210861483-210861650|10:V_COUPTF_Q6:CCCCCTGACCTTTGCCCCCTGCC;36:V_HNF3ALPHA_Q6:TGTTTGCTTTG;50:V_HNF6_Q6:CAAAATCAATAA;65:V_HNF4_Q6:AAGGTCCAG;77:V_PPARA_02:CCGGGTCATTGGGGTCAGG;99:V_XBP1_01:GTGATGACGTGTCCCAT;119:V_HNF1_C:AGTTAATGATTAACCAA;139:V_AHRARNT_02:GGGGATCGCGTGCCAGCCC_2.600013,1.0,1.0,8
440,>C:SLEA_HG18:CHR2:210861483-210861650|21:V_COUPTF_Q6:CCCCCTGACCTTTGCCCCCTGCC;47:V_HNF1_C:AGTTAATGATTAACCAA;67:V_HNF3ALPHA_Q6:TGTTTGCTTTG;81:V_AHRARNT_02:GGGGATCGCGTGCCAGCCC;103:V_HNF4_Q6:AAGGTCCAG;115:V_XBP1_01:GTGATGACGTGTCCCAT;135:V_HNF6_Q6:CAAAATCAATAA_2.387209,1.0,1.0,9
441,>R:FOXA2_HNF4A-NOMOD_CHR11:18252486-18252598_[CHR11:18252456-18252627]_0.767221,0.0,1.3887882e-05,9
442,>R:FOXA1-NOMOD_CHR1:45726163-45726294_[CHR1:45726143-45726314]_0.762098,0.0,3.0696392e-06,9
443,>R:FOXA1-NOMOD_CHR1:94430392-94430502_[CHR1:94430361-94430532]_2.430583,1.0,4.172325e-05,9
444,>C:SLEA_HG18:CHR9:82902419-82902586|103:V_PPARA_02:CCGGGTCATTGGGGTCAGG;135:V_PPARA_02:CCGGGTCATTGGGGTCAGG_0.776541,0.0,0.014729261,9
445,>R:FOXA1_FOXA2-NOMOD_CHR14:54322000-54322162_[CHR14:54321995-54322166]_1.809336,1.0,0.9967878,9
446,>A:HNF4A-NOMOD_CHR2:120996448-120996563_[CHR2:120996420-120996591]_1.586133,1.0,0.99999934,9
447,>C:SLEA_HG18:CHR9:82902419-82902586|18:V_HNF4_Q6:AAGGTCCAG;30:V_RXRA_UP:GGCCGTGACCCCGTGAT;50:V_HNF1_C:AGTTAATGATTAACCAA;70:V_HNF6_Q6:CAAAATCAATAA;85:V_AHRARNT_02:GGGGATCGCGTGCCAGCCC;107:V_XBP1_01:GTGATGACGTGTCCCAT;127:V_COUPTF_Q6:CCCCCTGACCTTTGCCCCCTGCC_2.420698,1.0,1.0,9
448,>R:FOXA1-CHMOD_CHR16:69555338-69555484_[CHR16:69555325-69555496]_0.717259,0.0,1.3440847e-05,9
449,>C:SLEA_HG18:CHR2:210861483-210861650|6:V_COUPTF_Q6:CCCCCTGACCTTTGCCCCCTGCC;32:V_XBP1_01:GTGATGACGTGTCCCAT;52:V_RXRA_UP:GGCCGTGACCCCGTGAT;72:V_HNF1_C:AGTTAATGATTAACCAA;92:V_AHRARNT_02:GGGGATCGCGTGCCAGCCC;114:V_PPARA_02:CCGGGTCATTGGGGTCAGG;136:V_HNF3ALPHA_Q6:TGTTTGCTTTG;150:V_HNF6_Q6:CAAAATCAATAA_2.906841,1.0,1.0,9
450,>C:SLEA_HG18:CHR2:210861483-210861650|18:V_PPARA_02:CCGGGTCATTGGGGTCAGG;40:V_XBP1_01:GTGATGACGTGTCCCAT;60:V_RXRA_UP:GGCCGTGACCCCGTGAT;80:V_HNF3ALPHA_Q6:TGTTTGCTTTG;94:V_COUPTF_Q6:CCCCCTGACCTTTGCCCCCTGCC;120:V_HNF4_Q6:AAGGTCCAG;132:V_HNF1_C:AGTTAATGATTAACCAA_2.010324,1.0,1.0,9
451,>R:FOXA1-CHMOD_CHR6:155850129-155850287_[CHR6:155850122-155850293]_0.748727,0.0,0.00010681152,9
452,>R:FOXA1-NOMOD_CHR20:6076301-6076430_[CHR20:6076280-6076451]_0.729577,0.0,3.159046e-05,9
453,>R:HNF4A-NOMOD_CHR6:3120859-3120936_[CHR6:3120812-3120983]_0.720982,0.0,3.5762787e-06,9
454,>R:FOXA1-CHMOD_CHR20:57226129-57226280_[CHR20:57226119-57226290]_1.690088,1.0,0.3946156,9
455,>C:SLEA_HG18:CHR2:210861483-210861650|6:V_COUPTF_Q6:CCCCCTGACCTTTGCCCCCTGCC;32:V_XBP1_01:GTGATGACGTGTCCCAT;52:V_HNF6_Q6:CAAAATCAATAA;67:V_AHRARNT_02:GGGGATCGCGTGCCAGCCC;89:V_HNF3ALPHA_Q6:TGTTTGCTTTG;103:V_PPARA_02:CCGGGTCATTGGGGTCAGG;125:V_HNF1_C:AGTTAATGATTAACCAA;145:V_RXRA_UP:GGCCGTGACCCCGTGAT_3.351672,1.0,1.0,9
456,>R:FOXA1-CHMOD_CHR16:54195564-54195707_[CHR16:54195550-54195721]_0.763347,0.0,0.015306622,9
457,>C:SLEA_HG18:CHR9:82902419-82902586|4:V_COUPTF_Q6:CCCCCTGACCTTTGCCCCCTGCC;32:V_HNF3ALPHA_Q6:TGTTTGCTTTG;48:V_COUPTF_Q6:CCCCCTGACCTTTGCCCCCTGCC;76:V_HNF3ALPHA_Q6:TGTTTGCTTTG;92:V_HNF3ALPHA_Q6:TGTTTGCTTTG;108:V_COUPTF_Q6:CCCCCTGACCTTTGCCCCCTGCC;136:V_HNF3ALPHA_Q6:TGTTTGCTTTG;152:V_HNF3ALPHA_Q6:TGTTTGCTTTG_1.644882,1.0,1.0,9
458,>R:HNF4A-CHMOD_CHR1:116695839-116695939_[CHR1:116695803-116695974]_0.717815,0.0,2.7120113e-06,9
459,>R:FOXA1_FOXA2-NOMOD_CHR9:115159270-115159430_[CHR9:115159264-115159435]_0.739702,0.0,4.7504902e-05,9
460,>R:HNF4A-NOMOD_CHR2:86719272-86719341_[CHR2:86719221-86719392]_0.768749,0.0,3.2782555e-06,9
461,>C:SLEA_HG18:CHR9:82902419-82902586|29:V_XBP1_01:GTGATGACGTGTCCCAT;49:V_COUPTF_Q6:CCCCCTGACCTTTGCCCCCTGCC;75:V_HNF3ALPHA_Q6:TGTTTGCTTTG;89:V_HNF4_Q6:AAGGTCCAG;101:V_HNF1_C:AGTTAATGATTAACCAA;121:V_RXRA_UP:GGCCGTGACCCCGTGAT_2.764877,1.0,1.0,9
462,>R:FOXA1_FOXA2-NOMOD_CHR1:61758882-61759053_[CHR1:61758882-61759053]_0.639912,0.0,2.6226044e-06,9
463,>C:SLEA_HG18:CHR9:82902419-82902586|13:V_AHRARNT_02:GGGGATCGCGTGCCAGCCC;35:V_HNF1_C:AGTTAATGATTAACCAA;55:V_HNF4_Q6:AAGGTCCAG;67:V_PPARA_02:CCGGGTCATTGGGGTCAGG;89:V_HNF3ALPHA_Q6:TGTTTGCTTTG;103:V_RXRA_UP:GGCCGTGACCCCGTGAT;123:V_HNF6_Q6:CAAAATCAATAA;138:V_XBP1_01:GTGATGACGTGTCCCAT_3.723677,1.0,1.0,9
464,>C:SLEA_HG18:CHR2:210861483-210861650|13:V_COUPTF_Q6:CCCCCTGACCTTTGCCCCCTGCC;39:V_XBP1_01:GTGATGACGTGTCCCAT;59:V_AHRARNT_02:GGGGATCGCGTGCCAGCCC;81:V_HNF3ALPHA_Q6:TGTTTGCTTTG;95:V_PPARA_02:CCGGGTCATTGGGGTCAGG;117:V_HNF1_C:AGTTAATGATTAACCAA;137:V_RXRA_UP:GGCCGTGACCCCGTGAT_3.853586,1.0,1.0,9
465,>A:HNF4A-NOMOD_CHR13:98963094-98963263_[CHR13:98963093-98963264]_0.713060,0.0,2.3305416e-05,9
466,>A:HNF4A-CHMOD_CHR12:1920961-1921090_[CHR12:1920940-1921111]_1.851556,1.0,0.9556843,9
467,>C:SLEA_HG18:CHR9:82902419-82902586|17:V_RXRA_UP:GGCCGTGACCCCGTGAT;37:V_HNF6_Q6:CAAAATCAATAA;52:V_HNF1_C:AGTTAATGATTAACCAA;72:V_PPARA_02:CCGGGTCATTGGGGTCAGG;94:V_HNF3ALPHA_Q6:TGTTTGCTTTG;108:V_XBP1_01:GTGATGACGTGTCCCAT;128:V_COUPTF_Q6:CCCCCTGACCTTTGCCCCCTGCC_2.171309,1.0,1.0,9
468,>R:FOXA1-NOMOD_CHR10:25007503-25007659_[CHR10:25007495-25007666]_1.681983,1.0,2.771616e-06,9
469,>R:FOXA1-CHMOD_CHR1:214175940-214176092_[CHR1:214175930-214176101]_0.763619,0.0,0.00013703108,9
470,>A:HNF4A-NOMOD_CHR15:91080288-91080380_[CHR15:91080248-91080419]_0.707416,0.0,8.255243e-06,9
471,>A:HNF4A-NOMOD_CHR14:70246926-70247034_[CHR14:70246894-70247065]_0.722943,0.0,2.7418137e-06,9
472,>R:FOXA2-NOMOD_CHR15:99440625-99440709_[CHR15:99440581-99440752]_0.764604,0.0,5.0365925e-06,9
473,>A:HNF4A-CHMOD_CHR2:121303990-121304064_[CHR2:121303941-121304112]_1.841721,1.0,0.0009405911,9
474,>R:HNF4A-CHMOD_CHR10:128932036-128932168_[CHR10:128932016-128932187]_0.730773,0.0,6.377697e-06,9
475,>A:HNF4A-CHMOD_CHR2:139252273-139252396_[CHR2:139252249-139252420]_0.765984,0.0,0.17429999,9
476,>R:HNF4A-CHMOD_CHR20:45950155-45950245_[CHR20:45950114-45950285]_0.763544,0.0,4.592538e-05,9
477,>R:HNF4A-CHMOD_CHR20:51541384-51541478_[CHR20:51541345-51541516]_1.938842,1.0,8.9883804e-05,9
478,>R:FOXA2-NOMOD_CHR3:191480298-191480454_[CHR3:191480290-191480461]_0.755494,0.0,7.8082085e-06,9
479,>R:HNF4A-CHMOD_CHR1:161188461-161188632_[CHR1:161188461-161188632]_1.786810,1.0,0.075959,9
480,>C:SLEA_HG18:CHR2:210861483-210861650|2:V_HNF1_C:AGTTAATGATTAACCAA;23:V_RXRA_UP:GGCCGTGACCCCGTGAT;44:V_RXRA_UP:GGCCGTGACCCCGTGAT;65:V_HNF1_C:AGTTAATGATTAACCAA;86:V_RXRA_UP:GGCCGTGACCCCGTGAT;107:V_RXRA_UP:GGCCGTGACCCCGTGAT;128:V_HNF1_C:AGTTAATGATTAACCAA;149:V_RXRA_UP:GGCCGTGACCCCGTGAT_3.081658,1.0,1.0,9
481,>C:SLEA_HG18:CHR2:210861483-210861650|2:V_RXRA_UP:GGCCGTGACCCCGTGAT;23:V_RXRA_UP:GGCCGTGACCCCGTGAT;44:V_RXRA_UP:GGCCGTGACCCCGTGAT;65:V_HNF1_C:AGTTAATGATTAACCAA;86:V_RXRA_UP:GGCCGTGACCCCGTGAT;107:V_HNF1_C:AGTTAATGATTAACCAA;128:V_HNF1_C:AGTTAATGATTAACCAA;149:V_RXRA_UP:GGCCGTGACCCCGTGAT_2.531696,1.0,1.0,9
482,>R:EP300-NOMOD_CHR5:140070873-140071044_[CHR5:140070873-140071044]_1.926407,1.0,0.0003388822,9
483,>R:FOXA1_FOXA2-CHMOD_CHR2:178052446-178052542_[CHR2:178052408-178052579]_1.675233,1.0,0.00018492341,9
484,>R:FOXA1-CHMOD_CHR1:8181030-8181185_[CHR1:8181022-8181193]_1.643692,1.0,3.9041042e-06,9
485,>R:FOXA2-NOMOD_CHR6:15431184-15431337_[CHR6:15431175-15431346]_0.778618,0.0,0.0023961067,9
486,>R:FOXA2-CHMOD_CHR11:16377982-16378138_[CHR11:16377974-16378145]_0.772479,0.0,6.1690807e-06,9
487,>R:EP300-CHMOD_CHR9:140172116-140172287_[CHR9:140172116-140172287]_1.718565,1.0,1.0,9
